年份,重叠次数
2014-03-11,1
2014-03-12,1
2014-03-13,1
2014-03-14,1
2014-03-15,1
2014-03-16,1
2014-03-17,1
2014-03-18,1
2014-03-19,1
2014-03-20,1
2014-03-21,1
2014-03-22,1
2014-03-23,1
2014-03-24,1
2014-03-25,1
2014-03-26,1
2014-03-27,1
2014-03-28,1
2014-03-29,2
2014-03-30,2
2014-03-31,3
2014-04-01,3
2014-04-02,3
2014-04-03,3
2014-04-04,3
2014-04-05,3
2014-04-06,3
2014-04-07,3
2014-04-08,3
2014-04-09,3
2014-04-10,3
2014-04-11,3
2014-04-12,3
2014-04-13,3
2014-04-14,3
2014-04-15,3
2014-04-16,3
2014-04-17,3
2014-04-18,3
2014-04-19,3
2014-04-20,3
2014-04-21,3
2014-04-22,3
2014-04-23,3
2014-04-24,3
2014-04-25,3
2014-04-26,3
2014-04-27,3
2014-04-28,3
2014-04-29,3
2014-04-30,4
2014-05-01,4
2014-05-02,4
2014-05-03,4
2014-05-04,4
2014-05-05,3
2014-05-06,3
2014-05-07,3
2014-05-08,3
2014-05-09,3
2014-05-10,4
2014-05-11,4
2014-05-12,4
2014-05-13,4
2014-05-14,3
2014-05-15,3
2014-05-16,3
2014-05-17,3
2014-05-18,4
2014-05-19,4
2014-05-20,4
2014-05-21,4
2014-05-22,4
2014-05-23,5
2014-05-24,5
2014-05-25,5
2014-05-26,5
2014-05-27,5
2014-05-28,5
2014-05-29,5
2014-05-30,4
2014-05-31,4
2014-06-01,4
2014-06-02,4
2014-06-03,4
2014-06-04,4
2014-06-05,4
2014-06-06,4
2014-06-07,4
2014-06-08,4
2014-06-09,4
2014-06-10,4
2014-06-11,4
2014-06-12,4
2014-06-13,4
2014-06-14,4
2014-06-15,4
2014-06-16,4
2014-06-17,4
2014-06-18,4
2014-06-19,4
2014-06-20,4
2014-06-21,4
2014-06-22,4
2014-06-23,4
2014-06-24,4
2014-06-25,4
2014-06-26,4
2014-06-27,4
2014-06-28,4
2014-06-29,4
2014-06-30,4
2014-07-01,4
2014-07-02,4
2014-07-03,4
2014-07-04,5
2014-07-05,5
2014-07-06,5
2014-07-07,5
2014-07-08,5
2014-07-09,5
2014-07-10,5
2014-07-11,5
2014-07-12,5
2014-07-13,5
2014-07-14,5
2014-07-15,5
2014-07-16,5
2014-07-17,5
2014-07-18,5
2014-07-19,5
2014-07-20,5
2014-07-21,5
2014-07-22,5
2014-07-23,6
2014-07-24,6
2014-07-25,6
2014-07-26,6
2014-07-27,6
2014-07-28,6
2014-07-29,6
2014-07-30,6
2014-07-31,6
2014-08-01,6
2014-08-02,6
2014-08-03,6
2014-08-04,6
2014-08-05,6
2014-08-06,6
2014-08-07,6
2014-08-08,6
2014-08-09,6
2014-08-10,6
2014-08-11,6
2014-08-12,6
2014-08-13,6
2014-08-14,6
2014-08-15,6
2014-08-16,6
2014-08-17,6
2014-08-18,6
2014-08-19,6
2014-08-20,6
2014-08-21,6
2014-08-22,6
2014-08-23,6
2014-08-24,8
2014-08-25,8
2014-08-26,8
2014-08-27,8
2014-08-28,8
2014-08-29,8
2014-08-30,8
2014-08-31,9
2014-09-01,10
2014-09-02,10
2014-09-03,10
2014-09-04,10
2014-09-05,10
2014-09-06,10
2014-09-07,10
2014-09-08,10
2014-09-09,10
2014-09-10,10
2014-09-11,11
2014-09-12,11
2014-09-13,11
2014-09-14,12
2014-09-15,11
2014-09-16,11
2014-09-17,11
2014-09-18,13
2014-09-19,16
2014-09-20,15
2014-09-21,14
2014-09-22,13
2014-09-23,13
2014-09-24,13
2014-09-25,13
2014-09-26,13
2014-09-27,12
2014-09-28,13
2014-09-29,13
2014-09-30,15
2014-10-01,16
2014-10-02,17
2014-10-03,17
2014-10-04,17
2014-10-05,17
2014-10-06,17
2014-10-07,17
2014-10-08,17
2014-10-09,17
2014-10-10,17
2014-10-11,17
2014-10-12,17
2014-10-13,18
2014-10-14,18
2014-10-15,19
2014-10-16,20
2014-10-17,20
2014-10-18,20
2014-10-19,20
2014-10-20,20
2014-10-21,20
2014-10-22,20
2014-10-23,20
2014-10-24,20
2014-10-25,22
2014-10-26,22
2014-10-27,22
2014-10-28,22
2014-10-29,23
2014-10-30,22
2014-10-31,24
2014-11-01,24
2014-11-02,24
2014-11-03,24
2014-11-04,24
2014-11-05,24
2014-11-06,26
2014-11-07,26
2014-11-08,26
2014-11-09,26
2014-11-10,27
2014-11-11,28
2014-11-12,29
2014-11-13,30
2014-11-14,34
2014-11-15,35
2014-11-16,37
2014-11-17,37
2014-11-18,36
2014-11-19,36
2014-11-20,39
2014-11-21,38
2014-11-22,39
2014-11-23,39
2014-11-24,39
2014-11-25,40
2014-11-26,40
2014-11-27,40
2014-11-28,40
2014-11-29,41
2014-11-30,48
2014-12-01,50
2014-12-02,49
2014-12-03,48
2014-12-04,48
2014-12-05,48
2014-12-06,47
2014-12-07,49
2014-12-08,47
2014-12-09,50
2014-12-10,50
2014-12-11,50
2014-12-12,51
2014-12-13,50
2014-12-14,51
2014-12-15,53
2014-12-16,52
2014-12-17,51
2014-12-18,51
2014-12-19,52
2014-12-20,52
2014-12-21,52
2014-12-22,51
2014-12-23,51
2014-12-24,51
2014-12-25,52
2014-12-26,53
2014-12-27,52
2014-12-28,54
2014-12-29,54
2014-12-30,53
2014-12-31,69
2015-01-01,68
2015-01-02,68
2015-01-03,70
2015-01-04,69
2015-01-05,69
2015-01-06,70
2015-01-07,89
2015-01-08,88
2015-01-09,89
2015-01-10,90
2015-01-11,90
2015-01-12,90
2015-01-13,91
2015-01-14,93
2015-01-15,93
2015-01-16,93
2015-01-17,94
2015-01-18,94
2015-01-19,95
2015-01-20,97
2015-01-21,99
2015-01-22,98
2015-01-23,99
2015-01-24,97
2015-01-25,97
2015-01-26,98
2015-01-27,98
2015-01-28,98
2015-01-29,100
2015-01-30,101
2015-01-31,112
2015-02-01,111
2015-02-02,110
2015-02-03,111
2015-02-04,112
2015-02-05,114
2015-02-06,115
2015-02-07,115
2015-02-08,117
2015-02-09,118
2015-02-10,117
2015-02-11,119
2015-02-12,121
2015-02-13,122
2015-02-14,122
2015-02-15,122
2015-02-16,122
2015-02-17,122
2015-02-18,122
2015-02-19,122
2015-02-20,122
2015-02-21,122
2015-02-22,123
2015-02-23,124
2015-02-24,124
2015-02-25,126
2015-02-26,127
2015-02-27,127
2015-02-28,159
2015-03-01,165
2015-03-02,166
2015-03-03,170
2015-03-04,171
2015-03-05,173
2015-03-06,175
2015-03-07,175
2015-03-08,177
2015-03-09,179
2015-03-10,181
2015-03-11,193
2015-03-12,194
2015-03-13,196
2015-03-14,199
2015-03-15,203
2015-03-16,204
2015-03-17,207
2015-03-18,216
2015-03-19,228
2015-03-20,232
2015-03-21,231
2015-03-22,231
2015-03-23,233
2015-03-24,237
2015-03-25,236
2015-03-26,240
2015-03-27,242
2015-03-28,243
2015-03-29,245
2015-03-30,251
2015-03-31,270
2015-04-01,275
2015-04-02,282
2015-04-03,284
2015-04-04,285
2015-04-05,285
2015-04-06,288
2015-04-07,292
2015-04-08,296
2015-04-09,300
2015-04-10,299
2015-04-11,306
2015-04-12,306
2015-04-13,308
2015-04-14,316
2015-04-15,328
2015-04-16,332
2015-04-17,338
2015-04-18,340
2015-04-19,344
2015-04-20,338
2015-04-21,339
2015-04-22,347
2015-04-23,349
2015-04-24,353
2015-04-25,355
2015-04-26,350
2015-04-27,349
2015-04-28,349
2015-04-29,352
2015-04-30,366
2015-05-01,369
2015-05-02,368
2015-05-03,371
2015-05-04,372
2015-05-05,370
2015-05-06,373
2015-05-07,374
2015-05-08,376
2015-05-09,379
2015-05-10,377
2015-05-11,378
2015-05-12,375
2015-05-13,380
2015-05-14,387
2015-05-15,382
2015-05-16,383
2015-05-17,373
2015-05-18,366
2015-05-19,367
2015-05-20,363
2015-05-21,367
2015-05-22,367
2015-05-23,365
2015-05-24,362
2015-05-25,362
2015-05-26,356
2015-05-27,351
2015-05-28,346
2015-05-29,343
2015-05-30,357
2015-05-31,331
2015-06-01,329
2015-06-02,330
2015-06-03,332
2015-06-04,333
2015-06-05,336
2015-06-06,336
2015-06-07,320
2015-06-08,320
2015-06-09,318
2015-06-10,316
2015-06-11,431
2015-06-12,431
2015-06-13,427
2015-06-14,426
2015-06-15,429
2015-06-16,430
2015-06-17,431
2015-06-18,426
2015-06-19,429
2015-06-20,425
2015-06-21,421
2015-06-22,406
2015-06-23,404
2015-06-24,408
2015-06-25,401
2015-06-26,284
2015-06-27,283
2015-06-28,282
2015-06-29,287
2015-06-30,373
2015-07-01,373
2015-07-02,371
2015-07-03,373
2015-07-04,374
2015-07-05,374
2015-07-06,374
2015-07-07,376
2015-07-08,378
2015-07-09,376
2015-07-10,376
2015-07-11,378
2015-07-12,379
2015-07-13,379
2015-07-14,380
2015-07-15,382
2015-07-16,382
2015-07-17,379
2015-07-18,378
2015-07-19,379
2015-07-20,376
2015-07-21,373
2015-07-22,371
2015-07-23,372
2015-07-24,371
2015-07-25,369
2015-07-26,366
2015-07-27,367
2015-07-28,366
2015-07-29,366
2015-07-30,364
2015-07-31,359
2015-08-01,358
2015-08-02,356
2015-08-03,356
2015-08-04,359
2015-08-05,357
2015-08-06,357
2015-08-07,357
2015-08-08,357
2015-08-09,356
2015-08-10,356
2015-08-11,357
2015-08-12,358
2015-08-13,356
2015-08-14,354
2015-08-15,354
2015-08-16,353
2015-08-17,352
2015-08-18,354
2015-08-19,356
2015-08-20,354
2015-08-21,352
2015-08-22,350
2015-08-23,348
2015-08-24,351
2015-08-25,350
2015-08-26,351
2015-08-27,352
2015-08-28,353
2015-08-29,350
2015-08-30,347
2015-08-31,254
2015-09-01,257
2015-09-02,257
2015-09-03,255
2015-09-04,253
2015-09-05,253
2015-09-06,254
2015-09-07,256
2015-09-08,258
2015-09-09,261
2015-09-10,255
2015-09-11,258
2015-09-12,255
2015-09-13,256
2015-09-14,260
2015-09-15,255
2015-09-16,256
2015-09-17,256
2015-09-18,257
2015-09-19,258
2015-09-20,254
2015-09-21,255
2015-09-22,255
2015-09-23,253
2015-09-24,251
2015-09-25,251
2015-09-26,250
2015-09-27,251
2015-09-28,251
2015-09-29,253
2015-09-30,252
2015-10-01,253
2015-10-02,254
2015-10-03,254
2015-10-04,253
2015-10-05,253
2015-10-06,253
2015-10-07,257
2015-10-08,257
2015-10-09,258
2015-10-10,259
2015-10-11,262
2015-10-12,262
2015-10-13,262
2015-10-14,270
2015-10-15,274
2015-10-16,278
2015-10-17,278
2015-10-18,278
2015-10-19,281
2015-10-20,282
2015-10-21,285
2015-10-22,277
2015-10-23,277
2015-10-24,283
2015-10-25,278
2015-10-26,277
2015-10-27,278
2015-10-28,283
2015-10-29,281
2015-10-30,283
2015-10-31,278
2015-11-01,274
2015-11-02,275
2015-11-03,276
2015-11-04,282
2015-11-05,280
2015-11-06,280
2015-11-07,280
2015-11-08,275
2015-11-09,277
2015-11-10,277
2015-11-11,277
2015-11-12,276
2015-11-13,275
2015-11-14,278
2015-11-15,277
2015-11-16,276
2015-11-17,273
2015-11-18,271
2015-11-19,270
2015-11-20,269
2015-11-21,270
2015-11-22,261
2015-11-23,259
2015-11-24,259
2015-11-25,259
2015-11-26,259
2015-11-27,259
2015-11-28,257
2015-11-29,247
2015-11-30,237
2015-12-01,230
2015-12-02,230
2015-12-03,228
2015-12-04,230
2015-12-05,227
2015-12-06,317
2015-12-07,317
2015-12-08,317
2015-12-09,320
2015-12-10,316
2015-12-11,216
2015-12-12,208
2015-12-13,210
2015-12-14,211
2015-12-15,201
2015-12-16,198
2015-12-17,197
2015-12-18,196
2015-12-19,196
2015-12-20,191
2015-12-21,190
2015-12-22,194
2015-12-23,191
2015-12-24,191
2015-12-25,189
2015-12-26,185
2015-12-27,181
2015-12-28,180
2015-12-29,182
2015-12-30,174
2015-12-31,170
2016-01-01,170
2016-01-02,172
2016-01-03,175
2016-01-04,175
2016-01-05,176
2016-01-06,176
2016-01-07,174
2016-01-08,175
2016-01-09,176
2016-01-10,174
2016-01-11,175
2016-01-12,175
2016-01-13,175
2016-01-14,180
2016-01-15,175
2016-01-16,177
2016-01-17,179
2016-01-18,178
2016-01-19,178
2016-01-20,175
2016-01-21,175
2016-01-22,174
2016-01-23,175
2016-01-24,175
2016-01-25,173
2016-01-26,173
2016-01-27,174
2016-01-28,174
2016-01-29,176
2016-01-30,175
2016-01-31,172
2016-02-01,172
2016-02-02,170
2016-02-03,169
2016-02-04,169
2016-02-05,168
2016-02-06,168
2016-02-07,167
2016-02-08,167
2016-02-09,167
2016-02-10,167
2016-02-11,167
2016-02-12,166
2016-02-13,166
2016-02-14,168
2016-02-15,168
2016-02-16,167
2016-02-17,168
2016-02-18,168
2016-02-19,167
2016-02-20,167
2016-02-21,168
2016-02-22,168
2016-02-23,167
2016-02-24,167
2016-02-25,170
2016-02-26,170
2016-02-27,170
2016-02-28,170
2016-02-29,174
2016-03-01,175
2016-03-02,180
2016-03-03,182
2016-03-04,180
2016-03-05,180
2016-03-06,182
2016-03-07,183
2016-03-08,183
2016-03-09,183
2016-03-10,182
2016-03-11,181
2016-03-12,182
2016-03-13,182
2016-03-14,183
2016-03-15,181
2016-03-16,184
2016-03-17,186
2016-03-18,186
2016-03-19,190
2016-03-20,187
2016-03-21,188
2016-03-22,189
2016-03-23,190
2016-03-24,194
2016-03-25,196
2016-03-26,197
2016-03-27,194
2016-03-28,195
2016-03-29,199
2016-03-30,202
2016-03-31,201
2016-04-01,203
2016-04-02,202
2016-04-03,201
2016-04-04,204
2016-04-05,207
2016-04-06,207
2016-04-07,213
2016-04-08,217
2016-04-09,223
2016-04-10,218
2016-04-11,220
2016-04-12,223
2016-04-13,225
2016-04-14,237
2016-04-15,244
2016-04-16,244
2016-04-17,250
2016-04-18,246
2016-04-19,247
2016-04-20,246
2016-04-21,251
2016-04-22,253
2016-04-23,259
2016-04-24,257
2016-04-25,247
2016-04-26,250
2016-04-27,248
2016-04-28,250
2016-04-29,252
2016-04-30,251
2016-05-01,251
2016-05-02,254
2016-05-03,260
2016-05-04,262
2016-05-05,260
2016-05-06,268
2016-05-07,269
2016-05-08,264
2016-05-09,260
2016-05-10,264
2016-05-11,269
2016-05-12,270
2016-05-13,267
2016-05-14,270
2016-05-15,270
2016-05-16,270
2016-05-17,274
2016-05-18,275
2016-05-19,283
2016-05-20,277
2016-05-21,277
2016-05-22,270
2016-05-23,266
2016-05-24,266
2016-05-25,269
2016-05-26,270
2016-05-27,271
2016-05-28,266
2016-05-29,259
2016-05-30,256
2016-05-31,252
2016-06-01,249
2016-06-02,251
2016-06-03,257
2016-06-04,259
2016-06-05,254
2016-06-06,253
2016-06-07,254
2016-06-08,248
2016-06-09,252
2016-06-10,245
2016-06-11,244
2016-06-12,243
2016-06-13,241
2016-06-14,240
2016-06-15,244
2016-06-16,242
2016-06-17,241
2016-06-18,243
2016-06-19,249
2016-06-20,244
2016-06-21,244
2016-06-22,245
2016-06-23,246
2016-06-24,246
2016-06-25,243
2016-06-26,240
2016-06-27,238
2016-06-28,241
2016-06-29,238
2016-06-30,236
2016-07-01,236
2016-07-02,237
2016-07-03,236
2016-07-04,236
2016-07-05,235
2016-07-06,235
2016-07-07,234
2016-07-08,234
2016-07-09,239
2016-07-10,234
2016-07-11,232
2016-07-12,231
2016-07-13,231
2016-07-14,234
2016-07-15,233
2016-07-16,233
2016-07-17,233
2016-07-18,233
2016-07-19,236
2016-07-20,231
2016-07-21,231
2016-07-22,230
2016-07-23,230
2016-07-24,227
2016-07-25,228
2016-07-26,226
2016-07-27,224
2016-07-28,226
2016-07-29,222
2016-07-30,214
2016-07-31,213
2016-08-01,217
2016-08-02,217
2016-08-03,216
2016-08-04,215
2016-08-05,215
2016-08-06,214
2016-08-07,214
2016-08-08,216
2016-08-09,217
2016-08-10,219
2016-08-11,218
2016-08-12,215
2016-08-13,214
2016-08-14,223
2016-08-15,220
2016-08-16,219
2016-08-17,220
2016-08-18,219
2016-08-19,220
2016-08-20,217
2016-08-21,218
2016-08-22,221
2016-08-23,218
2016-08-24,220
2016-08-25,216
2016-08-26,214
2016-08-27,211
2016-08-28,209
2016-08-29,209
2016-08-30,206
2016-08-31,203
2016-09-01,204
2016-09-02,204
2016-09-03,205
2016-09-04,205
2016-09-05,204
2016-09-06,205
2016-09-07,206
2016-09-08,206
2016-09-09,213
2016-09-10,218
2016-09-11,217
2016-09-12,213
2016-09-13,209
2016-09-14,212
2016-09-15,210
2016-09-16,213
2016-09-17,213
2016-09-18,207
2016-09-19,211
2016-09-20,208
2016-09-21,208
2016-09-22,207
2016-09-23,207
2016-09-24,206
2016-09-25,197
2016-09-26,196
2016-09-27,196
2016-09-28,192
2016-09-29,195
2016-09-30,184
2016-10-01,185
2016-10-02,183
2016-10-03,183
2016-10-04,183
2016-10-05,182
2016-10-06,183
2016-10-07,185
2016-10-08,183
2016-10-09,186
2016-10-10,186
2016-10-11,190
2016-10-12,190
2016-10-13,193
2016-10-14,201
2016-10-15,197
2016-10-16,191
2016-10-17,191
2016-10-18,191
2016-10-19,197
2016-10-20,192
2016-10-21,196
2016-10-22,203
2016-10-23,195
2016-10-24,195
2016-10-25,202
2016-10-26,208
2016-10-27,206
2016-10-28,206
2016-10-29,208
2016-10-30,188
2016-10-31,199
2016-11-01,206
2016-11-02,208
2016-11-03,210
2016-11-04,212
2016-11-05,211
2016-11-06,210
2016-11-07,209
2016-11-08,209
2016-11-09,211
2016-11-10,212
2016-11-11,216
2016-11-12,215
2016-11-13,215
2016-11-14,218
2016-11-15,218
2016-11-16,224
2016-11-17,221
2016-11-18,221
2016-11-19,220
2016-11-20,212
2016-11-21,203
2016-11-22,205
2016-11-23,208
2016-11-24,213
2016-11-25,213
2016-11-26,213
2016-11-27,212
2016-11-28,208
2016-11-29,207
2016-11-30,187
2016-12-01,186
2016-12-02,184
2016-12-03,184
2016-12-04,179
2016-12-05,178
2016-12-06,178
2016-12-07,175
2016-12-08,172
2016-12-09,170
2016-12-10,168
2016-12-11,164
2016-12-12,161
2016-12-13,161
2016-12-14,162
2016-12-15,161
2016-12-16,157
2016-12-17,154
2016-12-18,152
2016-12-19,151
2016-12-20,150
2016-12-21,149
2016-12-22,149
2016-12-23,146
2016-12-24,145
2016-12-25,142
2016-12-26,139
2016-12-27,139
2016-12-28,136
2016-12-29,135
2016-12-30,126
2016-12-31,111
2017-01-01,101
2017-01-02,101
2017-01-03,104
2017-01-04,102
2017-01-05,101
2017-01-06,102
2017-01-07,103
2017-01-08,101
2017-01-09,101
2017-01-10,99
2017-01-11,99
2017-01-12,98
2017-01-13,98
2017-01-14,101
2017-01-15,99
2017-01-16,97
2017-01-17,98
2017-01-18,95
2017-01-19,100
2017-01-20,99
2017-01-21,98
2017-01-22,98
2017-01-23,98
2017-01-24,95
2017-01-25,96
2017-01-26,97
2017-01-27,97
2017-01-28,98
2017-01-29,98
2017-01-30,98
2017-01-31,99
2017-02-01,96
2017-02-02,96
2017-02-03,95
2017-02-04,95
2017-02-05,95
2017-02-06,95
2017-02-07,94
2017-02-08,95
2017-02-09,97
2017-02-10,96
2017-02-11,97
2017-02-12,97
2017-02-13,96
2017-02-14,97
2017-02-15,97
2017-02-16,97
2017-02-17,96
2017-02-18,95
2017-02-19,97
2017-02-20,98
2017-02-21,97
2017-02-22,98
2017-02-23,97
2017-02-24,97
2017-02-25,97
2017-02-26,96
2017-02-27,98
2017-02-28,100
2017-03-01,100
2017-03-02,99
2017-03-03,99
2017-03-04,98
2017-03-05,100
2017-03-06,100
2017-03-07,100
2017-03-08,100
2017-03-09,103
2017-03-10,102
2017-03-11,101
2017-03-12,100
2017-03-13,99
2017-03-14,101
2017-03-15,100
2017-03-16,100
2017-03-17,101
2017-03-18,99
2017-03-19,97
2017-03-20,94
2017-03-21,92
2017-03-22,92
2017-03-23,91
2017-03-24,90
2017-03-25,89
2017-03-26,90
2017-03-27,91
2017-03-28,91
2017-03-29,91
2017-03-30,90
2017-03-31,95
2017-04-01,94
2017-04-02,95
2017-04-03,96
2017-04-04,94
2017-04-05,96
2017-04-06,96
2017-04-07,99
2017-04-08,101
2017-04-09,102
2017-04-10,102
2017-04-11,104
2017-04-12,103
2017-04-13,102
2017-04-14,110
2017-04-15,109
2017-04-16,110
2017-04-17,110
2017-04-18,106
2017-04-19,107
2017-04-20,104
2017-04-21,104
2017-04-22,106
2017-04-23,107
2017-04-24,108
2017-04-25,111
2017-04-26,111
2017-04-27,111
2017-04-28,114
2017-04-29,120
2017-04-30,117
2017-05-01,115
2017-05-02,114
2017-05-03,109
2017-05-04,113
2017-05-05,117
2017-05-06,114
2017-05-07,118
2017-05-08,117
2017-05-09,121
2017-05-10,129
2017-05-11,128
2017-05-12,135
2017-05-13,133
2017-05-14,135
2017-05-15,132
2017-05-16,130
2017-05-17,131
2017-05-18,132
2017-05-19,139
2017-05-20,136
2017-05-21,141
2017-05-22,129
2017-05-23,128
2017-05-24,130
2017-05-25,129
2017-05-26,134
2017-05-27,135
2017-05-28,137
2017-05-29,136
2017-05-30,132
2017-05-31,129
2017-06-01,122
2017-06-02,125
2017-06-03,126
2017-06-04,126
2017-06-05,125
2017-06-06,123
2017-06-07,124
2017-06-08,124
2017-06-09,130
2017-06-10,128
2017-06-11,125
2017-06-12,125
2017-06-13,123
2017-06-14,124
2017-06-15,123
2017-06-16,123
2017-06-17,124
2017-06-18,125
2017-06-19,123
2017-06-20,120
2017-06-21,120
2017-06-22,120
2017-06-23,120
2017-06-24,121
2017-06-25,116
2017-06-26,117
2017-06-27,116
2017-06-28,116
2017-06-29,115
2017-06-30,113
2017-07-01,112
2017-07-02,113
2017-07-03,113
2017-07-04,114
2017-07-05,114
2017-07-06,114
2017-07-07,114
2017-07-08,114
2017-07-09,112
2017-07-10,111
2017-07-11,114
2017-07-12,114
2017-07-13,114
2017-07-14,116
2017-07-15,112
2017-07-16,110
2017-07-17,110
2017-07-18,111
2017-07-19,111
2017-07-20,110
2017-07-21,110
2017-07-22,108
2017-07-23,108
2017-07-24,106
2017-07-25,107
2017-07-26,107
2017-07-27,108
2017-07-28,108
2017-07-29,108
2017-07-30,104
2017-07-31,99
2017-08-01,99
2017-08-02,99
2017-08-03,99
2017-08-04,99
2017-08-05,99
2017-08-06,99
2017-08-07,100
2017-08-08,100
2017-08-09,100
2017-08-10,101
2017-08-11,99
2017-08-12,100
2017-08-13,100
2017-08-14,100
2017-08-15,99
2017-08-16,100
2017-08-17,101
2017-08-18,100
2017-08-19,101
2017-08-20,98
2017-08-21,96
2017-08-22,97
2017-08-23,97
2017-08-24,97
2017-08-25,97
2017-08-26,94
2017-08-27,94
2017-08-28,95
2017-08-29,96
2017-08-30,96
2017-08-31,100
2017-09-01,99
2017-09-02,99
2017-09-03,104
2017-09-04,103
2017-09-05,102
2017-09-06,101
2017-09-07,101
2017-09-08,101
2017-09-09,101
2017-09-10,100
2017-09-11,99
2017-09-12,99
2017-09-13,100
2017-09-14,106
2017-09-15,100
2017-09-16,102
2017-09-17,99
2017-09-18,94
2017-09-19,95
2017-09-20,95
2017-09-21,93
2017-09-22,95
2017-09-23,95
2017-09-24,95
2017-09-25,93
2017-09-26,94
2017-09-27,93
2017-09-28,93
2017-09-29,94
2017-09-30,86
2017-10-01,84
2017-10-02,85
2017-10-03,85
2017-10-04,85
2017-10-05,84
2017-10-06,84
2017-10-07,84
2017-10-08,86
2017-10-09,87
2017-10-10,87
2017-10-11,87
2017-10-12,88
2017-10-13,88
2017-10-14,91
2017-10-15,86
2017-10-16,85
2017-10-17,84
2017-10-18,83
2017-10-19,83
2017-10-20,79
2017-10-21,81
2017-10-22,79
2017-10-23,78
2017-10-24,78
2017-10-25,78
2017-10-26,80
2017-10-27,80
2017-10-28,87
2017-10-29,77
2017-10-30,75
2017-10-31,71
2017-11-01,69
2017-11-02,70
2017-11-03,73
2017-11-04,75
2017-11-05,73
2017-11-06,75
2017-11-07,75
2017-11-08,76
2017-11-09,76
2017-11-10,73
2017-11-11,72
2017-11-12,72
2017-11-13,72
2017-11-14,76
2017-11-15,71
2017-11-16,68
2017-11-17,68
2017-11-18,68
2017-11-19,68
2017-11-20,66
2017-11-21,67
2017-11-22,68
2017-11-23,69
2017-11-24,73
2017-11-25,72
2017-11-26,72
2017-11-27,70
2017-11-28,67
2017-11-29,66
2017-11-30,56
2017-12-01,55
2017-12-02,54
2017-12-03,50
2017-12-04,48
2017-12-05,46
2017-12-06,46
2017-12-07,44
2017-12-08,45
2017-12-09,44
2017-12-10,40
2017-12-11,41
2017-12-12,41
2017-12-13,41
2017-12-14,41
2017-12-15,38
2017-12-16,36
2017-12-17,36
2017-12-18,34
2017-12-19,34
2017-12-20,36
2017-12-21,35
2017-12-22,36
2017-12-23,35
2017-12-24,35
2017-12-25,34
2017-12-26,34
2017-12-27,34
2017-12-28,35
2017-12-29,35
2017-12-30,36
2017-12-31,28
2018-01-01,25
2018-01-02,25
2018-01-03,24
2018-01-04,23
2018-01-05,23
2018-01-06,22
2018-01-07,22
2018-01-08,22
2018-01-09,22
2018-01-10,22
2018-01-11,22
2018-01-12,22
2018-01-13,22
2018-01-14,22
2018-01-15,22
2018-01-16,23
2018-01-17,23
2018-01-18,22
2018-01-19,22
2018-01-20,22
2018-01-21,22
2018-01-22,22
2018-01-23,22
2018-01-24,22
2018-01-25,23
2018-01-26,23
2018-01-27,23
2018-01-28,24
2018-01-29,25
2018-01-30,25
2018-01-31,25
2018-02-01,27
2018-02-02,27
2018-02-03,27
2018-02-04,27
2018-02-05,27
2018-02-06,27
2018-02-07,27
2018-02-08,29
2018-02-09,30
2018-02-10,30
2018-02-11,30
2018-02-12,30
2018-02-13,27
2018-02-14,27
2018-02-15,27
2018-02-16,27
2018-02-17,27
2018-02-18,27
2018-02-19,27
2018-02-20,27
2018-02-21,27
2018-02-22,27
2018-02-23,27
2018-02-24,28
2018-02-25,28
2018-02-26,28
2018-02-27,28
2018-02-28,32
2018-03-01,34
2018-03-02,34
2018-03-03,34
2018-03-04,36
2018-03-05,36
2018-03-06,37
2018-03-07,37
2018-03-08,37
2018-03-09,42
2018-03-10,42
2018-03-11,43
2018-03-12,43
2018-03-13,43
2018-03-14,47
2018-03-15,49
2018-03-16,48
2018-03-17,49
2018-03-18,52
2018-03-19,52
2018-03-20,53
2018-03-21,55
2018-03-22,57
2018-03-23,57
2018-03-24,55
2018-03-25,57
2018-03-26,57
2018-03-27,59
2018-03-28,61
2018-03-29,63
2018-03-30,66
2018-03-31,78
2018-04-01,80
2018-04-02,81
2018-04-03,82
2018-04-04,83
2018-04-05,86
2018-04-06,88
2018-04-07,87
2018-04-08,88
2018-04-09,89
2018-04-10,88
2018-04-11,91
2018-04-12,96
2018-04-13,101
2018-04-14,107
2018-04-15,112
2018-04-16,108
2018-04-17,110
2018-04-18,115
2018-04-19,125
2018-04-20,129
2018-04-21,128
2018-04-22,128
2018-04-23,126
2018-04-24,128
2018-04-25,129
2018-04-26,134
2018-04-27,136
2018-04-28,135
2018-04-29,139
2018-04-30,146
2018-05-01,148
2018-05-02,154
2018-05-03,153
2018-05-04,152
2018-05-05,153
2018-05-06,154
2018-05-07,154
2018-05-08,157
2018-05-09,159
2018-05-10,160
2018-05-11,161
2018-05-12,161
2018-05-13,165
2018-05-14,163
2018-05-15,159
2018-05-16,155
2018-05-17,157
2018-05-18,160
2018-05-19,162
2018-05-20,158
2018-05-21,156
2018-05-22,153
2018-05-23,150
2018-05-24,152
2018-05-25,154
2018-05-26,157
2018-05-27,152
2018-05-28,148
2018-05-29,148
2018-05-30,146
2018-05-31,153
2018-06-01,156
2018-06-02,160
2018-06-03,159
2018-06-04,160
2018-06-05,162
2018-06-06,161
2018-06-07,160
2018-06-08,159
2018-06-09,161
2018-06-10,159
2018-06-11,155
2018-06-12,154
2018-06-13,153
2018-06-14,155
2018-06-15,156
2018-06-16,152
2018-06-17,151
2018-06-18,150
2018-06-19,152
2018-06-20,151
2018-06-21,156
2018-06-22,156
2018-06-23,157
2018-06-24,157
2018-06-25,161
2018-06-26,167
2018-06-27,166
2018-06-28,175
2018-06-29,180
2018-06-30,190
2018-07-01,193
2018-07-02,195
2018-07-03,205
2018-07-04,204
2018-07-05,207
2018-07-06,215
2018-07-07,220
2018-07-08,225
2018-07-09,226
2018-07-10,229
2018-07-11,233
2018-07-12,233
2018-07-13,234
2018-07-14,234
2018-07-15,233
2018-07-16,239
2018-07-17,239
2018-07-18,240
2018-07-19,241
2018-07-20,236
2018-07-21,237
2018-07-22,239
2018-07-23,238
2018-07-24,238
2018-07-25,239
2018-07-26,239
2018-07-27,240
2018-07-28,239
2018-07-29,238
2018-07-30,240
2018-07-31,246
2018-08-01,241
2018-08-02,241
2018-08-03,243
2018-08-04,243
2018-08-05,242
2018-08-06,242
2018-08-07,242
2018-08-08,242
2018-08-09,242
2018-08-10,240
2018-08-11,238
2018-08-12,240
2018-08-13,239
2018-08-14,239
2018-08-15,240
2018-08-16,241
2018-08-17,239
2018-08-18,239
2018-08-19,239
2018-08-20,238
2018-08-21,240
2018-08-22,239
2018-08-23,239
2018-08-24,241
2018-08-25,238
2018-08-26,240
2018-08-27,240
2018-08-28,241
2018-08-29,239
2018-08-30,238
2018-08-31,239
2018-09-01,243
2018-09-02,241
2018-09-03,242
2018-09-04,241
2018-09-05,249
2018-09-06,248
2018-09-07,247
2018-09-08,247
2018-09-09,246
2018-09-10,248
2018-09-11,249
2018-09-12,249
2018-09-13,255
2018-09-14,263
2018-09-15,258
2018-09-16,255
2018-09-17,247
2018-09-18,246
2018-09-19,252
2018-09-20,253
2018-09-21,252
2018-09-22,251
2018-09-23,250
2018-09-24,253
2018-09-25,253
2018-09-26,254
2018-09-27,256
2018-09-28,259
2018-09-29,260
2018-09-30,239
2018-10-01,233
2018-10-02,231
2018-10-03,231
2018-10-04,231
2018-10-05,231
2018-10-06,230
2018-10-07,229
2018-10-08,230
2018-10-09,236
2018-10-10,237
2018-10-11,238
2018-10-12,240
2018-10-13,241
2018-10-14,245
2018-10-15,244
2018-10-16,246
2018-10-17,247
2018-10-18,247
2018-10-19,248
2018-10-20,250
2018-10-21,251
2018-10-22,251
2018-10-23,251
2018-10-24,251
2018-10-25,255
2018-10-26,257
2018-10-27,259
2018-10-28,255
2018-10-29,254
2018-10-30,256
2018-10-31,219
2018-11-01,217
2018-11-02,216
2018-11-03,217
2018-11-04,219
2018-11-05,219
2018-11-06,222
2018-11-07,222
2018-11-08,224
2018-11-09,223
2018-11-10,222
2018-11-11,219
2018-11-12,219
2018-11-13,219
2018-11-14,219
2018-11-15,220
2018-11-16,218
2018-11-17,218
2018-11-18,219
2018-11-19,224
2018-11-20,221
2018-11-21,222
2018-11-22,221
2018-11-23,223
2018-11-24,223
2018-11-25,221
2018-11-26,225
2018-11-27,223
2018-11-28,224
2018-11-29,224
2018-11-30,180
2018-12-01,177
2018-12-02,176
2018-12-03,174
2018-12-04,177
2018-12-05,177
2018-12-06,176
2018-12-07,176
2018-12-08,176
2018-12-09,179
2018-12-10,177
2018-12-11,175
2018-12-12,173
2018-12-13,174
2018-12-14,177
2018-12-15,177
2018-12-16,179
2018-12-17,176
2018-12-18,174
2018-12-19,174
2018-12-20,173
2018-12-21,173
2018-12-22,173
2018-12-23,172
2018-12-24,170
2018-12-25,169
2018-12-26,169
2018-12-27,169
2018-12-28,170
2018-12-29,170
2018-12-30,172
2018-12-31,87
2019-01-01,86
2019-01-02,86
2019-01-03,85
2019-01-04,83
2019-01-05,83
2019-01-06,83
2019-01-07,82
2019-01-08,81
2019-01-09,80
2019-01-10,80
2019-01-11,80
2019-01-12,80
2019-01-13,80
2019-01-14,81
2019-01-15,81
2019-01-16,81
2019-01-17,81
2019-01-18,81
2019-01-19,80
2019-01-20,80
2019-01-21,81
2019-01-22,80
2019-01-23,80
2019-01-24,81
2019-01-25,81
2019-01-26,81
2019-01-27,81
2019-01-28,81
2019-01-29,80
2019-01-30,80
2019-01-31,69
2019-02-01,68
2019-02-02,68
2019-02-03,68
2019-02-04,67
2019-02-05,67
2019-02-06,66
2019-02-07,66
2019-02-08,66
2019-02-09,66
2019-02-10,66
2019-02-11,67
2019-02-12,67
2019-02-13,67
2019-02-14,67
2019-02-15,68
2019-02-16,68
2019-02-17,67
2019-02-18,67
2019-02-19,67
2019-02-20,67
2019-02-21,67
2019-02-22,67
2019-02-23,69
2019-02-24,69
2019-02-25,69
2019-02-26,69
2019-02-27,73
2019-02-28,60
2019-03-01,60
2019-03-02,59
2019-03-03,60
2019-03-04,61
2019-03-05,61
2019-03-06,61
2019-03-07,62
2019-03-08,62
2019-03-09,62
2019-03-10,62
2019-03-11,62
2019-03-12,63
2019-03-13,63
2019-03-14,63
2019-03-15,63
2019-03-16,65
2019-03-17,64
2019-03-18,64
2019-03-19,63
2019-03-20,65
2019-03-21,65
2019-03-22,65
2019-03-23,65
2019-03-24,65
2019-03-25,66
2019-03-26,65
2019-03-27,65
2019-03-28,65
2019-03-29,67
2019-03-30,66
2019-03-31,53
2019-04-01,54
2019-04-02,54
2019-04-03,54
2019-04-04,56
2019-04-05,57
2019-04-06,57
2019-04-07,58
2019-04-08,57
2019-04-09,56
2019-04-10,55
2019-04-11,57
2019-04-12,58
2019-04-13,58
2019-04-14,63
2019-04-15,58
2019-04-16,56
2019-04-17,56
2019-04-18,56
2019-04-19,57
2019-04-20,58
2019-04-21,60
2019-04-22,58
2019-04-23,57
2019-04-24,57
2019-04-25,58
2019-04-26,57
2019-04-27,58
2019-04-28,56
2019-04-29,56
2019-04-30,48
2019-05-01,51
2019-05-02,51
2019-05-03,52
2019-05-04,51
2019-05-05,45
2019-05-06,46
2019-05-07,45
2019-05-08,45
2019-05-09,45
2019-05-10,45
2019-05-11,46
2019-05-12,45
2019-05-13,46
2019-05-14,46
2019-05-15,49
2019-05-16,47
2019-05-17,50
2019-05-18,50
2019-05-19,57
2019-05-20,52
2019-05-21,50
2019-05-22,49
2019-05-23,49
2019-05-24,49
2019-05-25,54
2019-05-26,51
2019-05-27,52
2019-05-28,53
2019-05-29,55
2019-05-30,55
2019-05-31,55
2019-06-01,57
2019-06-02,58
2019-06-03,56
2019-06-04,53
2019-06-05,55
2019-06-06,55
2019-06-07,60
2019-06-08,60
2019-06-09,60
2019-06-10,58
2019-06-11,58
2019-06-12,59
2019-06-13,61
2019-06-14,62
2019-06-15,66
2019-06-16,66
2019-06-17,65
2019-06-18,65
2019-06-19,73
2019-06-20,74
2019-06-21,72
2019-06-22,72
2019-06-23,71
2019-06-24,69
2019-06-25,71
2019-06-26,71
2019-06-27,71
2019-06-28,71
2019-06-29,72
2019-06-30,71
2019-07-01,72
2019-07-02,72
2019-07-03,74
2019-07-04,74
2019-07-05,74
2019-07-06,76
2019-07-07,76
2019-07-08,76
2019-07-09,77
2019-07-10,79
2019-07-11,80
2019-07-12,80
2019-07-13,80
2019-07-14,80
2019-07-15,79
2019-07-16,79
2019-07-17,82
2019-07-18,82
2019-07-19,81
2019-07-20,81
2019-07-21,85
2019-07-22,84
2019-07-23,86
2019-07-24,84
2019-07-25,84
2019-07-26,84
2019-07-27,83
2019-07-28,83
2019-07-29,86
2019-07-30,85
2019-07-31,84
2019-08-01,84
2019-08-02,88
2019-08-03,88
2019-08-04,88
2019-08-05,88
2019-08-06,88
2019-08-07,93
2019-08-08,92
2019-08-09,92
2019-08-10,93
2019-08-11,93
2019-08-12,93
2019-08-13,96
2019-08-14,97
2019-08-15,97
2019-08-16,97
2019-08-17,103
2019-08-18,103
2019-08-19,102
2019-08-20,103
2019-08-21,102
2019-08-22,102
2019-08-23,101
2019-08-24,103
2019-08-25,105
2019-08-26,107
2019-08-27,106
2019-08-28,107
2019-08-29,110
2019-08-30,110
2019-08-31,108
2019-09-01,107
2019-09-02,108
2019-09-03,110
2019-09-04,110
2019-09-05,110
2019-09-06,110
2019-09-07,112
2019-09-08,112
2019-09-09,115
2019-09-10,114
2019-09-11,115
2019-09-12,122
2019-09-13,122
2019-09-14,124
2019-09-15,125
2019-09-16,119
2019-09-17,121
2019-09-18,118
2019-09-19,118
2019-09-20,119
2019-09-21,118
2019-09-22,119
2019-09-23,119
2019-09-24,119
2019-09-25,119
2019-09-26,119
2019-09-27,119
2019-09-28,119
2019-09-29,120
2019-09-30,113
2019-10-01,115
2019-10-02,115
2019-10-03,115
2019-10-04,114
2019-10-05,114
2019-10-06,115
2019-10-07,115
2019-10-08,118
2019-10-09,119
2019-10-10,119
2019-10-11,122
2019-10-12,124
2019-10-13,125
2019-10-14,122
2019-10-15,124
2019-10-16,123
2019-10-17,125
2019-10-18,125
2019-10-19,126
2019-10-20,127
2019-10-21,128
2019-10-22,128
2019-10-23,129
2019-10-24,129
2019-10-25,130
2019-10-26,138
2019-10-27,130
2019-10-28,130
2019-10-29,130
2019-10-30,129
2019-10-31,112
2019-11-01,110
2019-11-02,111
2019-11-03,111
2019-11-04,110
2019-11-05,111
2019-11-06,111
2019-11-07,113
2019-11-08,114
2019-11-09,113
2019-11-10,113
2019-11-11,114
2019-11-12,115
2019-11-13,115
2019-11-14,116
2019-11-15,116
2019-11-16,116
2019-11-17,116
2019-11-18,113
2019-11-19,114
2019-11-20,115
2019-11-21,114
2019-11-22,117
2019-11-23,117
2019-11-24,119
2019-11-25,117
2019-11-26,115
2019-11-27,118
2019-11-28,118
2019-11-29,120
2019-11-30,109
2019-12-01,110
2019-12-02,103
2019-12-03,102
2019-12-04,103
2019-12-05,103
2019-12-06,104
2019-12-07,104
2019-12-08,104
2019-12-09,103
2019-12-10,103
2019-12-11,103
2019-12-12,105
2019-12-13,104
2019-12-14,105
2019-12-15,106
2019-12-16,107
2019-12-17,106
2019-12-18,106
2019-12-19,105
2019-12-20,105
2019-12-21,105
2019-12-22,105
2019-12-23,103
2019-12-24,102
2019-12-25,102
2019-12-26,102
2019-12-27,102
2019-12-28,101
2019-12-29,101
2019-12-30,101
2019-12-31,24
2020-01-01,24
2020-01-02,24
2020-01-03,24
2020-01-04,24
2020-01-05,23
2020-01-06,23
2020-01-07,23
2020-01-08,23
2020-01-09,23
2020-01-10,23
2020-01-11,23
2020-01-12,23
2020-01-13,23
2020-01-14,23
2020-01-15,23
2020-01-16,23
2020-01-17,23
2020-01-18,23
2020-01-19,23
2020-01-20,23
2020-01-21,23
2020-01-22,23
2020-01-23,23
2020-01-24,23
2020-01-25,23
2020-01-26,23
2020-01-27,23
2020-01-28,23
2020-01-29,23
2020-01-30,23
2020-01-31,21
2020-02-01,22
2020-02-02,23
2020-02-03,23
2020-02-04,23
2020-02-05,23
2020-02-06,25
2020-02-07,24
2020-02-08,24
2020-02-09,24
2020-02-10,24
2020-02-11,24
2020-02-12,24
2020-02-13,27
2020-02-14,27
2020-02-15,27
2020-02-16,27
2020-02-17,27
2020-02-18,25
2020-02-19,26
2020-02-20,26
2020-02-21,27
2020-02-22,27
2020-02-23,27
2020-02-24,26
2020-02-25,26
2020-02-26,26
2020-02-27,26
2020-02-28,25
2020-02-29,26
2020-03-01,26
2020-03-02,26
2020-03-03,26
2020-03-04,26
2020-03-05,27
2020-03-06,28
2020-03-07,28
2020-03-08,28
2020-03-09,28
2020-03-10,27
2020-03-11,27
2020-03-12,28
2020-03-13,28
2020-03-14,28
2020-03-15,29
2020-03-16,29
2020-03-17,29
2020-03-18,29
2020-03-19,30
2020-03-20,30
2020-03-21,29
2020-03-22,29
2020-03-23,29
2020-03-24,29
2020-03-25,30
2020-03-26,31
2020-03-27,31
2020-03-28,30
2020-03-29,30
2020-03-30,31
2020-03-31,30
2020-04-01,30
2020-04-02,30
2020-04-03,30
2020-04-04,30
2020-04-05,30
2020-04-06,29
2020-04-07,29
2020-04-08,29
2020-04-09,29
2020-04-10,31
2020-04-11,31
2020-04-12,32
2020-04-13,32
2020-04-14,30
2020-04-15,29
2020-04-16,30
2020-04-17,30
2020-04-18,30
2020-04-19,30
2020-04-20,29
2020-04-21,29
2020-04-22,29
2020-04-23,30
2020-04-24,30
2020-04-25,30
2020-04-26,31
2020-04-27,30
2020-04-28,30
2020-04-29,30
2020-04-30,29
2020-05-01,31
2020-05-02,31
2020-05-03,31
2020-05-04,31
2020-05-05,29
2020-05-06,28
2020-05-07,27
2020-05-08,27
2020-05-09,27
2020-05-10,27
2020-05-11,27
2020-05-12,27
2020-05-13,26
2020-05-14,26
2020-05-15,26
2020-05-16,26
2020-05-17,26
2020-05-18,27
2020-05-19,27
2020-05-20,28
2020-05-21,32
2020-05-22,32
2020-05-23,32
2020-05-24,32
2020-05-25,33
2020-05-26,30
2020-05-27,29
2020-05-28,29
2020-05-29,29
2020-05-30,33
2020-05-31,32
2020-06-01,32
2020-06-02,31
2020-06-03,32
2020-06-04,32
2020-06-05,33
2020-06-06,33
2020-06-07,33
2020-06-08,34
2020-06-09,34
2020-06-10,33
2020-06-11,35
2020-06-12,35
2020-06-13,33
2020-06-14,33
2020-06-15,33
2020-06-16,31
2020-06-17,31
2020-06-18,31
2020-06-19,32
2020-06-20,33
2020-06-21,32
2020-06-22,32
2020-06-23,33
2020-06-24,33
2020-06-25,33
2020-06-26,32
2020-06-27,32
2020-06-28,32
2020-06-29,31
2020-06-30,25
2020-07-01,24
2020-07-02,24
2020-07-03,25
2020-07-04,25
2020-07-05,25
2020-07-06,26
2020-07-07,27
2020-07-08,28
2020-07-09,29
2020-07-10,27
2020-07-11,24
2020-07-12,24
2020-07-13,25
2020-07-14,25
2020-07-15,24
2020-07-16,26
2020-07-17,25
2020-07-18,25
2020-07-19,26
2020-07-20,23
2020-07-21,22
2020-07-22,22
2020-07-23,21
2020-07-24,21
2020-07-25,21
2020-07-26,22
2020-07-27,22
2020-07-28,22
2020-07-29,22
2020-07-30,22
2020-07-31,21
2020-08-01,23
2020-08-02,23
2020-08-03,24
2020-08-04,24
2020-08-05,24
2020-08-06,24
2020-08-07,23
2020-08-08,24
2020-08-09,24
2020-08-10,24
2020-08-11,24
2020-08-12,24
2020-08-13,24
2020-08-14,23
2020-08-15,22
2020-08-16,22
2020-08-17,22
2020-08-18,22
2020-08-19,22
2020-08-20,23
2020-08-21,23
2020-08-22,23
2020-08-23,22
2020-08-24,20
2020-08-25,20
2020-08-26,19
2020-08-27,19
2020-08-28,20
2020-08-29,20
2020-08-30,20
2020-08-31,19
2020-09-01,18
2020-09-02,16
2020-09-03,16
2020-09-04,16
2020-09-05,17
2020-09-06,17
2020-09-07,17
2020-09-08,17
2020-09-09,17
2020-09-10,24
2020-09-11,24
2020-09-12,24
2020-09-13,24
2020-09-14,19
2020-09-15,20
2020-09-16,20
2020-09-17,21
2020-09-18,21
2020-09-19,21
2020-09-20,22
2020-09-21,23
2020-09-22,23
2020-09-23,23
2020-09-24,23
2020-09-25,23
2020-09-26,22
2020-09-27,22
2020-09-28,22
2020-09-29,22
2020-09-30,23
2020-10-01,23
2020-10-02,23
2020-10-03,23
2020-10-04,25
2020-10-05,24
2020-10-06,24
2020-10-07,25
2020-10-08,25
2020-10-09,25
2020-10-10,26
2020-10-11,26
2020-10-12,26
2020-10-13,27
2020-10-14,26
2020-10-15,29
2020-10-16,28
2020-10-17,29
2020-10-18,28
2020-10-19,27
2020-10-20,27
2020-10-21,27
2020-10-22,26
2020-10-23,27
2020-10-24,28
2020-10-25,30
2020-10-26,27
2020-10-27,27
2020-10-28,27
2020-10-29,29
2020-10-30,29
2020-10-31,25
2020-11-01,21
2020-11-02,21
2020-11-03,21
2020-11-04,23
2020-11-05,23
2020-11-06,22
2020-11-07,25
2020-11-08,23
2020-11-09,21
2020-11-10,18
2020-11-11,17
2020-11-12,17
2020-11-13,17
2020-11-14,17
2020-11-15,17
2020-11-16,17
2020-11-17,17
2020-11-18,17
2020-11-19,17
2020-11-20,18
2020-11-21,19
2020-11-22,20
2020-11-23,20
2020-11-24,21
2020-11-25,23
2020-11-26,22
2020-11-27,22
2020-11-28,29
2020-11-29,19
2020-11-30,17
2020-12-01,12
2020-12-02,12
2020-12-03,12
2020-12-04,13
2020-12-05,14
2020-12-06,14
2020-12-07,14
2020-12-08,14
2020-12-09,12
2020-12-10,13
2020-12-11,14
2020-12-12,13
2020-12-13,13
2020-12-14,13
2020-12-15,11
2020-12-16,11
2020-12-17,11
2020-12-18,10
2020-12-19,9
2020-12-20,8
2020-12-21,9
2020-12-22,8
2020-12-23,8
2020-12-24,8
2020-12-25,8
2020-12-26,8
2020-12-27,8
2020-12-28,8
2020-12-29,8
2020-12-30,8
2020-12-31,6
2021-01-01,6
2021-01-02,6
2021-01-03,6
2021-01-04,5
2021-01-05,5
2021-01-06,5
2021-01-07,5
2021-01-08,5
2021-01-09,5
2021-01-10,5
2021-01-11,5
2021-01-12,5
2021-01-13,5
2021-01-14,5
2021-01-15,6
2021-01-16,6
2021-01-17,6
2021-01-18,6
2021-01-19,7
2021-01-20,7
2021-01-21,6
2021-01-22,6
2021-01-23,6
2021-01-24,6
2021-01-25,6
2021-01-26,7
2021-01-27,7
2021-01-28,8
2021-01-29,8
2021-01-30,8
2021-01-31,10
2021-02-01,10
2021-02-02,10
2021-02-03,12
2021-02-04,13
2021-02-05,13
2021-02-06,13
2021-02-07,13
2021-02-08,13
2021-02-09,11
2021-02-10,11
2021-02-11,11
2021-02-12,11
2021-02-13,11
2021-02-14,11
2021-02-15,11
2021-02-16,11
2021-02-17,12
2021-02-18,12
2021-02-19,12
2021-02-20,12
2021-02-21,12
2021-02-22,11
2021-02-23,11
2021-02-24,12
2021-02-25,12
2021-02-26,12
2021-02-27,12
2021-02-28,12
2021-03-01,13
2021-03-02,13
2021-03-03,13
2021-03-04,13
2021-03-05,13
2021-03-06,12
2021-03-07,14
2021-03-08,15
2021-03-09,15
2021-03-10,15
2021-03-11,15
2021-03-12,15
2021-03-13,15
2021-03-14,15
2021-03-15,15
2021-03-16,15
2021-03-17,15
2021-03-18,15
2021-03-19,15
2021-03-20,15
2021-03-21,16
2021-03-22,17
2021-03-23,17
2021-03-24,17
2021-03-25,17
2021-03-26,17
2021-03-27,18
2021-03-28,19
2021-03-29,18
2021-03-30,18
2021-03-31,17
2021-04-01,16
2021-04-02,16
2021-04-03,16
2021-04-04,17
2021-04-05,17
2021-04-06,17
2021-04-07,16
2021-04-08,18
2021-04-09,19
2021-04-10,18
2021-04-11,18
2021-04-12,15
2021-04-13,14
2021-04-14,15
2021-04-15,18
2021-04-16,18
2021-04-17,18
2021-04-18,18
2021-04-19,18
2021-04-20,15
2021-04-21,15
2021-04-22,16
2021-04-23,17
2021-04-24,18
2021-04-25,19
2021-04-26,20
2021-04-27,20
2021-04-28,20
2021-04-29,20
2021-04-30,21
2021-05-01,22
2021-05-02,22
2021-05-03,22
2021-05-04,21
2021-05-05,19
2021-05-06,19
2021-05-07,18
2021-05-08,18
2021-05-09,18
2021-05-10,19
2021-05-11,19
2021-05-12,20
2021-05-13,19
2021-05-14,20
2021-05-15,20
2021-05-16,18
2021-05-17,18
2021-05-18,19
2021-05-19,19
2021-05-20,22
2021-05-21,23
2021-05-22,25
2021-05-23,25
2021-05-24,25
2021-05-25,23
2021-05-26,23
2021-05-27,22
2021-05-28,25
2021-05-29,26
2021-05-30,26
2021-05-31,24
2021-06-01,24
2021-06-02,25
2021-06-03,25
2021-06-04,25
2021-06-05,25
2021-06-06,27
2021-06-07,18
2021-06-08,18
2021-06-09,18
2021-06-10,18
2021-06-11,19
2021-06-12,19
2021-06-13,21
2021-06-14,22
2021-06-15,21
2021-06-16,22
2021-06-17,22
2021-06-18,23
2021-06-19,23
2021-06-20,23
2021-06-21,21
2021-06-22,19
2021-06-23,18
2021-06-24,18
2021-06-25,19
2021-06-26,19
2021-06-27,18
2021-06-28,18
2021-06-29,18
2021-06-30,18
2021-07-01,20
2021-07-02,21
2021-07-03,22
2021-07-04,21
2021-07-05,21
2021-07-06,21
2021-07-07,21
2021-07-08,21
2021-07-09,21
2021-07-10,20
2021-07-11,20
2021-07-12,20
2021-07-13,22
2021-07-14,23
2021-07-15,24
2021-07-16,26
2021-07-17,26
2021-07-18,27
2021-07-19,28
2021-07-20,27
2021-07-21,26
2021-07-22,29
2021-07-23,30
2021-07-24,30
2021-07-25,29
2021-07-26,31
2021-07-27,33
2021-07-28,33
2021-07-29,33
2021-07-30,33
2021-07-31,30
2021-08-01,31
2021-08-02,31
2021-08-03,32
2021-08-04,32
2021-08-05,34
2021-08-06,34
2021-08-07,34
2021-08-08,34
2021-08-09,33
2021-08-10,33
2021-08-11,33
2021-08-12,33
2021-08-13,33
2021-08-14,34
2021-08-15,35
2021-08-16,33
2021-08-17,33
2021-08-18,33
2021-08-19,33
2021-08-20,33
2021-08-21,32
2021-08-22,31
2021-08-23,31
2021-08-24,31
2021-08-25,31
2021-08-26,30
2021-08-27,29
2021-08-28,29
2021-08-29,29
2021-08-30,30
2021-08-31,29
2021-09-01,26
2021-09-02,26
2021-09-03,26
2021-09-04,23
2021-09-05,23
2021-09-06,23
2021-09-07,23
2021-09-08,23
2021-09-09,29
2021-09-10,29
2021-09-11,30
2021-09-12,29
2021-09-13,23
2021-09-14,24
2021-09-15,25
2021-09-16,25
2021-09-17,25
2021-09-18,25
2021-09-19,24
2021-09-20,24
2021-09-21,23
2021-09-22,23
2021-09-23,23
2021-09-24,23
2021-09-25,22
2021-09-26,20
2021-09-27,20
2021-09-28,20
2021-09-29,20
2021-09-30,21
2021-10-01,20
2021-10-02,20
2021-10-03,20
2021-10-04,20
2021-10-05,20
2021-10-06,20
2021-10-07,21
2021-10-08,21
2021-10-09,23
2021-10-10,23
2021-10-11,24
2021-10-12,24
2021-10-13,24
2021-10-14,24
2021-10-15,27
2021-10-16,28
2021-10-17,29
2021-10-18,28
2021-10-19,27
2021-10-20,28
2021-10-21,27
2021-10-22,28
2021-10-23,29
2021-10-24,29
2021-10-25,29
2021-10-26,27
2021-10-27,27
2021-10-28,28
2021-10-29,28
2021-10-30,29
2021-10-31,26
2021-11-01,24
2021-11-02,23
2021-11-03,22
2021-11-04,22
2021-11-05,21
2021-11-06,21
2021-11-07,21
2021-11-08,21
2021-11-09,21
2021-11-10,21
2021-11-11,22
2021-11-12,22
2021-11-13,28
2021-11-14,23
2021-11-15,22
2021-11-16,22
2021-11-17,22
2021-11-18,20
2021-11-19,21
2021-11-20,22
2021-11-21,21
2021-11-22,20
2021-11-23,19
2021-11-24,22
2021-11-25,23
2021-11-26,24
2021-11-27,24
2021-11-28,27
2021-11-29,23
2021-11-30,22
2021-12-01,20
2021-12-02,21
2021-12-03,22
2021-12-04,20
2021-12-05,19
2021-12-06,16
2021-12-07,14
2021-12-08,13
2021-12-09,12
2021-12-10,12
2021-12-11,12
2021-12-12,12
2021-12-13,12
2021-12-14,12
2021-12-15,11
2021-12-16,9
2021-12-17,10
2021-12-18,9
2021-12-19,11
2021-12-20,10
2021-12-21,15
2021-12-22,15
2021-12-23,15
2021-12-24,15
2021-12-25,15
2021-12-26,15
2021-12-27,15
2021-12-28,15
2021-12-29,16
2021-12-30,16
2021-12-31,19
2022-01-01,19
2022-01-02,18
2022-01-03,18
2022-01-04,17
2022-01-05,17
2022-01-06,17
2022-01-07,17
2022-01-08,16
2022-01-09,16
2022-01-10,16
2022-01-11,16
2022-01-12,16
2022-01-13,16
2022-01-14,16
2022-01-15,16
2022-01-16,15
2022-01-17,15
2022-01-18,15
2022-01-19,15
2022-01-20,16
2022-01-21,15
2022-01-22,15
2022-01-23,15
2022-01-24,15
2022-01-25,15
2022-01-26,16
2022-01-27,16
2022-01-28,16
2022-01-29,16
2022-01-30,16
2022-01-31,16
2022-02-01,16
2022-02-02,16
2022-02-03,16
2022-02-04,16
2022-02-05,16
2022-02-06,16
2022-02-07,16
2022-02-08,16
2022-02-09,16
2022-02-10,16
2022-02-11,16
2022-02-12,16
2022-02-13,16
2022-02-14,16
2022-02-15,15
2022-02-16,15
2022-02-17,18
2022-02-18,18
2022-02-19,18
2022-02-20,18
2022-02-21,18
2022-02-22,16
2022-02-23,16
2022-02-24,16
2022-02-25,17
2022-02-26,17
2022-02-27,17
2022-02-28,16
2022-03-01,17
2022-03-02,17
2022-03-03,16
2022-03-04,16
2022-03-05,16
2022-03-06,16
2022-03-07,16
2022-03-08,16
2022-03-09,16
2022-03-10,16
2022-03-11,16
2022-03-12,16
2022-03-13,16
2022-03-14,16
2022-03-15,16
2022-03-16,17
2022-03-17,17
2022-03-18,19
2022-03-19,20
2022-03-20,19
2022-03-21,18
2022-03-22,16
2022-03-23,16
2022-03-24,17
2022-03-25,18
2022-03-26,23
2022-03-27,24
2022-03-28,19
2022-03-29,18
2022-03-30,18
2022-03-31,17
2022-04-01,17
2022-04-02,18
2022-04-03,18
2022-04-04,18
2022-04-05,17
2022-04-06,17
2022-04-07,19
2022-04-08,19
2022-04-09,19
2022-04-10,20
2022-04-11,19
2022-04-12,19
2022-04-13,19
2022-04-14,21
2022-04-15,22
2022-04-16,21
2022-04-17,21
2022-04-18,21
2022-04-19,20
2022-04-20,20
2022-04-21,21
2022-04-22,21
2022-04-23,20
2022-04-24,20
2022-04-25,19
2022-04-26,17
2022-04-27,18
2022-04-28,19
2022-04-29,21
2022-04-30,32
2022-05-01,35
2022-05-02,34
2022-05-03,33
2022-05-04,29
2022-05-05,27
2022-05-06,28
2022-05-07,30
2022-05-08,29
2022-05-09,29
2022-05-10,28
2022-05-11,28
2022-05-12,29
2022-05-13,31
2022-05-14,33
2022-05-15,33
2022-05-16,33
2022-05-17,29
2022-05-18,30
2022-05-19,30
2022-05-20,32
2022-05-21,32
2022-05-22,32
2022-05-23,31
2022-05-24,31
2022-05-25,31
2022-05-26,30
2022-05-27,30
2022-05-28,33
2022-05-29,32
2022-05-30,29
2022-05-31,25
2022-06-01,26
2022-06-02,26
2022-06-03,27
2022-06-04,31
2022-06-05,29
2022-06-06,27
2022-06-07,27
2022-06-08,27
2022-06-09,27
2022-06-10,26
2022-06-11,25
2022-06-12,25
2022-06-13,23
2022-06-14,23
2022-06-15,24
2022-06-16,23
2022-06-17,23
2022-06-18,23
2022-06-19,22
2022-06-20,22
2022-06-21,21
2022-06-22,22
2022-06-23,22
2022-06-24,22
2022-06-25,23
2022-06-26,22
2022-06-27,22
2022-06-28,21
2022-06-29,21
2022-06-30,23
2022-07-01,23
2022-07-02,25
2022-07-03,25
2022-07-04,22
2022-07-05,21
2022-07-06,23
2022-07-07,22
2022-07-08,22
2022-07-09,21
2022-07-10,22
2022-07-11,21
2022-07-12,21
2022-07-13,20
2022-07-14,16
2022-07-15,18
2022-07-16,18
2022-07-17,18
2022-07-18,18
2022-07-19,18
2022-07-20,18
2022-07-21,18
2022-07-22,21
2022-07-23,22
2022-07-24,22
2022-07-25,24
2022-07-26,23
2022-07-27,23
2022-07-28,26
2022-07-29,25
2022-07-30,25
2022-07-31,26
2022-08-01,25
2022-08-02,25
2022-08-03,26
2022-08-04,27
2022-08-05,28
2022-08-06,27
2022-08-07,27
2022-08-08,26
2022-08-09,24
2022-08-10,25
2022-08-11,25
2022-08-12,24
2022-08-13,25
2022-08-14,25
2022-08-15,24
2022-08-16,23
2022-08-17,21
2022-08-18,23
2022-08-19,23
2022-08-20,25
2022-08-21,24
2022-08-22,24
2022-08-23,24
2022-08-24,24
2022-08-25,24
2022-08-26,25
2022-08-27,26
2022-08-28,25
2022-08-29,25
2022-08-30,25
2022-08-31,25
2022-09-01,24
2022-09-02,24
2022-09-03,24
2022-09-04,25
2022-09-05,24
2022-09-06,25
2022-09-07,25
2022-09-08,25
2022-09-09,26
2022-09-10,26
2022-09-11,26
2022-09-12,26
2022-09-13,26
2022-09-14,26
2022-09-15,31
2022-09-16,31
2022-09-17,31
2022-09-18,32
2022-09-19,31
2022-09-20,32
2022-09-21,31
2022-09-22,32
2022-09-23,33
2022-09-24,33
2022-09-25,32
2022-09-26,33
2022-09-27,33
2022-09-28,33
2022-09-29,33
2022-09-30,32
2022-10-01,32
2022-10-02,32
2022-10-03,32
2022-10-04,32
2022-10-05,32
2022-10-06,33
2022-10-07,33
2022-10-08,32
2022-10-09,33
2022-10-10,33
2022-10-11,33
2022-10-12,33
2022-10-13,33
2022-10-14,35
2022-10-15,39
2022-10-16,36
2022-10-17,34
2022-10-18,33
2022-10-19,33
2022-10-20,32
2022-10-21,32
2022-10-22,35
2022-10-23,34
2022-10-24,34
2022-10-25,34
2022-10-26,36
2022-10-27,38
2022-10-28,39
2022-10-29,40
2022-10-30,37
2022-10-31,38
2022-11-01,38
2022-11-02,41
2022-11-03,43
2022-11-04,43
2022-11-05,43
2022-11-06,43
2022-11-07,44
2022-11-08,45
2022-11-09,45
2022-11-10,46
2022-11-11,45
2022-11-12,47
2022-11-13,44
2022-11-14,43
2022-11-15,42
2022-11-16,41
2022-11-17,41
2022-11-18,41
2022-11-19,44
2022-11-20,39
2022-11-21,35
2022-11-22,36
2022-11-23,35
2022-11-24,35
2022-11-25,38
2022-11-26,37
2022-11-27,36
2022-11-28,34
2022-11-29,33
2022-11-30,32
2022-12-01,29
2022-12-02,30
2022-12-03,32
2022-12-04,30
2022-12-05,28
2022-12-06,25
2022-12-07,23
2022-12-08,23
2022-12-09,23
2022-12-10,23
2022-12-11,23
2022-12-12,23
2022-12-13,23
2022-12-14,23
2022-12-15,24
2022-12-16,24
2022-12-17,24
2022-12-18,23
2022-12-19,24
2022-12-20,25
2022-12-21,24
2022-12-22,24
2022-12-23,24
2022-12-24,24
2022-12-25,25
2022-12-26,25
2022-12-27,25
2022-12-28,24
2022-12-29,24
2022-12-30,24
2022-12-31,23
2023-01-01,22
2023-01-02,22
2023-01-03,22
2023-01-04,23
2023-01-05,20
2023-01-06,21
2023-01-07,22
2023-01-08,22
2023-01-09,22
2023-01-10,21
2023-01-11,21
2023-01-12,22
2023-01-13,22
2023-01-14,21
2023-01-15,20
2023-01-16,19
2023-01-17,19
2023-01-18,19
2023-01-19,19
2023-01-20,18
2023-01-21,18
2023-01-22,18
2023-01-23,18
2023-01-24,18
2023-01-25,18
2023-01-26,18
2023-01-27,18
2023-01-28,18
2023-01-29,18
2023-01-30,18
2023-01-31,19
2023-02-01,20
2023-02-02,21
2023-02-03,21
2023-02-04,21
2023-02-05,21
2023-02-06,21
2023-02-07,20
2023-02-08,20
2023-02-09,20
2023-02-10,20
2023-02-11,21
2023-02-12,20
2023-02-13,20
2023-02-14,22
2023-02-15,22
2023-02-16,23
2023-02-17,23
2023-02-18,23
2023-02-19,23
2023-02-20,23
2023-02-21,22
2023-02-22,22
2023-02-23,22
2023-02-24,21
2023-02-25,21
2023-02-26,22
2023-02-27,21
2023-02-28,20
2023-03-01,22
2023-03-02,22
2023-03-03,22
2023-03-04,23
2023-03-05,24
2023-03-06,25
2023-03-07,25
2023-03-08,25
2023-03-09,25
2023-03-10,24
2023-03-11,24
2023-03-12,22
2023-03-13,22
2023-03-14,22
2023-03-15,22
2023-03-16,22
2023-03-17,22
2023-03-18,23
2023-03-19,25
2023-03-20,23
2023-03-21,22
2023-03-22,22
2023-03-23,22
2023-03-24,23
2023-03-25,24
2023-03-26,23
2023-03-27,23
2023-03-28,23
2023-03-29,23
2023-03-30,25
2023-03-31,23
2023-04-01,21
2023-04-02,22
2023-04-03,20
2023-04-04,20
2023-04-05,20
2023-04-06,21
2023-04-07,23
2023-04-08,25
2023-04-09,25
2023-04-10,21
2023-04-11,20
2023-04-12,21
2023-04-13,23
2023-04-14,25
2023-04-15,26
2023-04-16,25
2023-04-17,24
2023-04-18,21
2023-04-19,21
2023-04-20,21
2023-04-21,22
2023-04-22,25
2023-04-23,23
2023-04-24,24
2023-04-25,23
2023-04-26,23
2023-04-27,24
2023-04-28,29
2023-04-29,30
2023-04-30,38
2023-05-01,38
2023-05-02,37
2023-05-03,37
2023-05-04,33
2023-05-05,33
2023-05-06,33
2023-05-07,33
2023-05-08,34
2023-05-09,33
2023-05-10,34
2023-05-11,35
2023-05-12,36
2023-05-13,39
2023-05-14,38
2023-05-15,40
2023-05-16,38
2023-05-17,38
2023-05-18,39
2023-05-19,41
2023-05-20,40
2023-05-21,35
2023-05-22,34
2023-05-23,33
2023-05-24,33
2023-05-25,36
2023-05-26,38
2023-05-27,38
2023-05-28,37
2023-05-29,33
2023-05-30,31
2023-05-31,30
2023-06-01,31
2023-06-02,32
2023-06-03,30
2023-06-04,30
2023-06-05,27
2023-06-06,27
2023-06-07,28
2023-06-08,28
2023-06-09,33
2023-06-10,37
2023-06-11,33
2023-06-12,28
2023-06-13,27
2023-06-14,27
2023-06-15,30
2023-06-16,28
2023-06-17,28
2023-06-18,27
2023-06-19,27
2023-06-20,27
2023-06-21,27
2023-06-22,27
2023-06-23,28
2023-06-24,29
2023-06-25,28
2023-06-26,29
2023-06-27,30
2023-06-28,30
2023-06-29,31
2023-06-30,29
2023-07-01,31
2023-07-02,30
2023-07-03,28
2023-07-04,28
2023-07-05,27
2023-07-06,27
2023-07-07,27
2023-07-08,28
2023-07-09,28
2023-07-10,29
2023-07-11,31
2023-07-12,31
2023-07-13,31
2023-07-14,31
2023-07-15,32
2023-07-16,29
2023-07-17,28
2023-07-18,28
2023-07-19,30
2023-07-20,30
2023-07-21,31
2023-07-22,35
2023-07-23,32
2023-07-24,32
2023-07-25,32
2023-07-26,31
2023-07-27,31
2023-07-28,31
2023-07-29,31
2023-07-30,30
2023-07-31,30
2023-08-01,28
2023-08-02,28
2023-08-03,29
2023-08-04,29
2023-08-05,30
2023-08-06,29
2023-08-07,26
2023-08-08,24
2023-08-09,24
2023-08-10,24
2023-08-11,22
2023-08-12,21
2023-08-13,22
2023-08-14,21
2023-08-15,21
2023-08-16,21
2023-08-17,23
2023-08-18,24
2023-08-19,23
2023-08-20,24
2023-08-21,25
2023-08-22,24
2023-08-23,25
2023-08-24,25
2023-08-25,26
2023-08-26,28
2023-08-27,28
2023-08-28,28
2023-08-29,30
2023-08-30,30
2023-08-31,30
2023-09-01,27
2023-09-02,26
2023-09-03,26
2023-09-04,26
2023-09-05,26
2023-09-06,27
2023-09-07,33
2023-09-08,35
2023-09-09,35
2023-09-10,32
2023-09-11,28
2023-09-12,27
2023-09-13,27
2023-09-14,27
2023-09-15,25
2023-09-16,26
2023-09-17,25
2023-09-18,25
2023-09-19,25
2023-09-20,25
2023-09-21,25
2023-09-22,27
2023-09-23,29
2023-09-24,30
2023-09-25,28
2023-09-26,28
2023-09-27,27
2023-09-28,28
2023-09-29,29
2023-09-30,28
2023-10-01,28
2023-10-02,28
2023-10-03,28
2023-10-04,28
2023-10-05,28
2023-10-06,29
2023-10-07,29
2023-10-08,28
2023-10-09,28
2023-10-10,29
2023-10-11,29
2023-10-12,29
2023-10-13,29
2023-10-14,30
2023-10-15,33
2023-10-16,33
2023-10-17,31
2023-10-18,33
2023-10-19,34
2023-10-20,34
2023-10-21,36
2023-10-22,34
2023-10-23,31
2023-10-24,31
2023-10-25,32
2023-10-26,32
2023-10-27,33
2023-10-28,35
2023-10-29,34
2023-10-30,32
2023-10-31,35
2023-11-01,36
2023-11-02,34
2023-11-03,34
2023-11-04,35
2023-11-05,36
2023-11-06,36
2023-11-07,37
2023-11-08,37
2023-11-09,37
2023-11-10,38
2023-11-11,47
2023-11-12,39
2023-11-13,37
2023-11-14,39
2023-11-15,38
2023-11-16,37
2023-11-17,38
2023-11-18,42
2023-11-19,36
2023-11-20,36
2023-11-21,34
2023-11-22,36
2023-11-23,35
2023-11-24,40
2023-11-25,41
2023-11-26,38
2023-11-27,35
2023-11-28,34
2023-11-29,36
2023-11-30,36
2023-12-01,38
2023-12-02,48
2023-12-03,40
2023-12-04,35
2023-12-05,32
2023-12-06,32
2023-12-07,33
2023-12-08,34
2023-12-09,36
2023-12-10,36
2023-12-11,32
2023-12-12,29
2023-12-13,29
2023-12-14,32
2023-12-15,28
2023-12-16,29
2023-12-17,31
2023-12-18,29
2023-12-19,29
2023-12-20,29
2023-12-21,29
2023-12-22,29
2023-12-23,29
2023-12-24,30
2023-12-25,29
2023-12-26,30
2023-12-27,28
2023-12-28,29
2023-12-29,31
2023-12-30,33
2023-12-31,29
2024-01-01,27
2024-01-02,27
2024-01-03,27
2024-01-04,27
2024-01-05,28
2024-01-06,27
2024-01-07,27
2024-01-08,27
2024-01-09,27
2024-01-10,27
2024-01-11,27
2024-01-12,27
2024-01-13,29
2024-01-14,28
2024-01-15,27
2024-01-16,27
2024-01-17,27
2024-01-18,27
2024-01-19,27
2024-01-20,28
2024-01-21,26
2024-01-22,27
2024-01-23,27
2024-01-24,28
2024-01-25,30
2024-01-26,30
2024-01-27,29
2024-01-28,28
2024-01-29,28
2024-01-30,28
2024-01-31,28
2024-02-01,32
2024-02-02,33
2024-02-03,35
2024-02-04,34
2024-02-05,34
2024-02-06,31
2024-02-07,31
2024-02-08,32
2024-02-09,32
2024-02-10,32
2024-02-11,31
2024-02-12,31
2024-02-13,31
2024-02-14,31
2024-02-15,31
2024-02-16,31
2024-02-17,31
2024-02-18,32
2024-02-19,32
2024-02-20,31
2024-02-21,31
2024-02-22,31
2024-02-23,31
2024-02-24,31
2024-02-25,33
2024-02-26,32
2024-02-27,32
2024-02-28,33
2024-02-29,34
2024-03-01,33
2024-03-02,36
2024-03-03,34
2024-03-04,34
2024-03-05,34
2024-03-06,35
2024-03-07,35
2024-03-08,34
2024-03-09,37
2024-03-10,34
2024-03-11,35
2024-03-12,35
2024-03-13,35
2024-03-14,36
2024-03-15,38
2024-03-16,39
2024-03-17,38
2024-03-18,37
2024-03-19,38
2024-03-20,40
2024-03-21,39
2024-03-22,39
2024-03-23,41
2024-03-24,40
2024-03-25,41
2024-03-26,41
2024-03-27,42
2024-03-28,42
2024-03-29,40
2024-03-30,40
2024-03-31,41
2024-04-01,37
2024-04-02,37
2024-04-03,37
2024-04-04,38
2024-04-05,38
2024-04-06,39
2024-04-07,38
2024-04-08,40
2024-04-09,41
2024-04-10,42
2024-04-11,42
2024-04-12,44
2024-04-13,44
2024-04-14,45
2024-04-15,43
2024-04-16,40
2024-04-17,40
2024-04-18,43
2024-04-19,44
2024-04-20,43
2024-04-21,42
2024-04-22,39
2024-04-23,39
2024-04-24,39
2024-04-25,39
2024-04-26,39
2024-04-27,41
2024-04-28,39
2024-04-29,40
2024-04-30,45
2024-05-01,48
2024-05-02,48
2024-05-03,48
2024-05-04,46
2024-05-05,45
2024-05-06,46
2024-05-07,46
2024-05-08,45
2024-05-09,45
2024-05-10,51
2024-05-11,57
2024-05-12,56
2024-05-13,52
2024-05-14,54
2024-05-15,53
2024-05-16,52
2024-05-17,52
2024-05-18,53
2024-05-19,50
2024-05-20,47
2024-05-21,44
2024-05-22,45
2024-05-23,46
2024-05-24,52
2024-05-25,53
2024-05-26,47
2024-05-27,48
2024-05-28,46
2024-05-29,46
2024-05-30,48
2024-05-31,48
2024-06-01,51
2024-06-02,48
2024-06-03,45
2024-06-04,47
2024-06-05,48
2024-06-06,45
2024-06-07,46
2024-06-08,45
2024-06-09,46
2024-06-10,46
2024-06-11,46
2024-06-12,45
2024-06-13,46
2024-06-14,46
2024-06-15,47
2024-06-16,44
2024-06-17,44
2024-06-18,44
2024-06-19,43
2024-06-20,41
2024-06-21,43
2024-06-22,45
2024-06-23,47
2024-06-24,44
2024-06-25,42
2024-06-26,43
2024-06-27,44
2024-06-28,44
2024-06-29,46
2024-06-30,43
2024-07-01,40
2024-07-02,39
2024-07-03,37
2024-07-04,40
2024-07-05,39
2024-07-06,40
2024-07-07,39
2024-07-08,40
2024-07-09,40
2024-07-10,41
2024-07-11,41
2024-07-12,41
2024-07-13,40
2024-07-14,39
2024-07-15,37
2024-07-16,33
2024-07-17,33
2024-07-18,33
2024-07-19,33
2024-07-20,35
2024-07-21,34
2024-07-22,34
2024-07-23,34
2024-07-24,35
2024-07-25,36
2024-07-26,36
2024-07-27,37
2024-07-28,40
2024-07-29,38
2024-07-30,37
2024-07-31,36
2024-08-01,33
2024-08-02,33
2024-08-03,33
2024-08-04,37
2024-08-05,34
2024-08-06,34
2024-08-07,34
2024-08-08,35
2024-08-09,35
2024-08-10,35
2024-08-11,38
2024-08-12,39
2024-08-13,40
2024-08-14,39
2024-08-15,42
2024-08-16,45
2024-08-17,45
2024-08-18,42
2024-08-19,43
2024-08-20,45
2024-08-21,45
2024-08-22,45
2024-08-23,45
2024-08-24,44
2024-08-25,47
2024-08-26,46
2024-08-27,46
2024-08-28,46
2024-08-29,47
2024-08-30,47
2024-08-31,48
2024-09-01,49
2024-09-02,47
2024-09-03,48
2024-09-04,48
2024-09-05,52
2024-09-06,52
2024-09-07,54
2024-09-08,52
2024-09-09,49
2024-09-10,48
2024-09-11,50
2024-09-12,50
2024-09-13,51
2024-09-14,53
2024-09-15,50
2024-09-16,51
2024-09-17,50
2024-09-18,50
2024-09-19,50
2024-09-20,52
2024-09-21,54
2024-09-22,53
2024-09-23,54
2024-09-24,55
2024-09-25,54
2024-09-26,53
2024-09-27,57
2024-09-28,59
2024-09-29,58
2024-09-30,59
2024-10-01,57
2024-10-02,57
2024-10-03,57
2024-10-04,57
2024-10-05,57
2024-10-06,57
2024-10-07,59
2024-10-08,59
2024-10-09,59
2024-10-10,61
2024-10-11,60
2024-10-12,61
2024-10-13,61
2024-10-14,61
2024-10-15,62
2024-10-16,59
2024-10-17,58
2024-10-18,60
2024-10-19,60
2024-10-20,62
2024-10-21,60
2024-10-22,61
2024-10-23,62
2024-10-24,62
2024-10-25,66
2024-10-26,64
2024-10-27,63
2024-10-28,61
2024-10-29,60
2024-10-30,63
2024-10-31,62
2024-11-01,58
2024-11-02,58
2024-11-03,60
2024-11-04,57
2024-11-05,58
2024-11-06,58
2024-11-07,59
2024-11-08,60
2024-11-09,67
2024-11-10,59
2024-11-11,56
2024-11-12,54
2024-11-13,55
2024-11-14,55
2024-11-15,59
2024-11-16,59
2024-11-17,56
2024-11-18,55
2024-11-19,53
2024-11-20,54
2024-11-21,54
2024-11-22,53
2024-11-23,56
2024-11-24,56
2024-11-25,52
2024-11-26,52
2024-11-27,52
2024-11-28,53
2024-11-29,56
2024-11-30,57
2024-12-01,54
2024-12-02,52
2024-12-03,52
2024-12-04,51
2024-12-05,54
2024-12-06,55
2024-12-07,58
2024-12-08,54
2024-12-09,51
2024-12-10,48
2024-12-11,49
2024-12-12,47
2024-12-13,47
2024-12-14,49
2024-12-15,50
2024-12-16,48
2024-12-17,48
2024-12-18,46
2024-12-19,45
2024-12-20,43
2024-12-21,49
2024-12-22,44
2024-12-23,43
2024-12-24,42
2024-12-25,42
2024-12-26,42
2024-12-27,41
2024-12-28,47
2024-12-29,42
2024-12-30,39
2024-12-31,36
2025-01-01,36
2025-01-02,34
2025-01-03,35
2025-01-04,36
2025-01-05,33
2025-01-06,32
2025-01-07,32
2025-01-08,32
2025-01-09,34
2025-01-10,36
2025-01-11,36
2025-01-12,36
2025-01-13,36
2025-01-14,37
2025-01-15,37
2025-01-16,38
2025-01-17,38
2025-01-18,42
2025-01-19,38
2025-01-20,34
2025-01-21,35
2025-01-22,35
2025-01-23,36
2025-01-24,35
2025-01-25,33
2025-01-26,33
2025-01-27,33
2025-01-28,31
2025-01-29,31
2025-01-30,31
2025-01-31,32
2025-02-01,32
2025-02-02,32
2025-02-03,32
2025-02-04,32
2025-02-05,32
2025-02-06,32
2025-02-07,32
2025-02-08,32
2025-02-09,33
2025-02-10,32
2025-02-11,34
2025-02-12,35
2025-02-13,36
2025-02-14,36
2025-02-15,36
2025-02-16,38
2025-02-17,39
2025-02-18,39
2025-02-19,42
2025-02-20,41
2025-02-21,41
2025-02-22,46
2025-02-23,45
2025-02-24,42
2025-02-25,42
2025-02-26,42
2025-02-27,42
2025-02-28,42
2025-03-01,41
2025-03-02,42
2025-03-03,42
2025-03-04,43
2025-03-05,43
2025-03-06,44
2025-03-07,44
2025-03-08,44
2025-03-09,43
2025-03-10,43
2025-03-11,45
2025-03-12,46
2025-03-13,48
2025-03-14,51
2025-03-15,51
2025-03-16,51
2025-03-17,52
2025-03-18,51
2025-03-19,52
2025-03-20,52
2025-03-21,52
2025-03-22,53
2025-03-23,51
2025-03-24,52
2025-03-25,49
2025-03-26,49
2025-03-27,50
2025-03-28,50
2025-03-29,51
2025-03-30,52
2025-03-31,50
2025-04-01,50
2025-04-02,49
2025-04-03,51
2025-04-04,51
2025-04-05,51
2025-04-06,51
2025-04-07,49
2025-04-08,50
2025-04-09,51
2025-04-10,52
2025-04-11,54
2025-04-12,54
2025-04-13,54
2025-04-14,52
2025-04-15,53
2025-04-16,53
2025-04-17,56
2025-04-18,59
2025-04-19,65
2025-04-20,61
2025-04-21,55
2025-04-22,57
2025-04-23,56
2025-04-24,58
2025-04-25,59
2025-04-26,74
2025-04-27,61
2025-04-28,54
2025-04-29,53
2025-04-30,52
2025-05-01,55
2025-05-02,55
2025-05-03,55
2025-05-04,54
2025-05-05,51
2025-05-06,51
2025-05-07,51
2025-05-08,50
2025-05-09,52
2025-05-10,53
2025-05-11,53
2025-05-12,50
2025-05-13,48
2025-05-14,48
2025-05-15,45
2025-05-16,45
2025-05-17,48
2025-05-18,43
2025-05-19,39
2025-05-20,38
2025-05-21,37
2025-05-22,36
2025-05-23,42
2025-05-24,48
2025-05-25,44
2025-05-26,38
2025-05-27,33
2025-05-28,32
2025-05-29,31
2025-05-30,29
2025-05-31,28
2025-06-01,28
2025-06-02,28
2025-06-03,27
2025-06-04,25
2025-06-05,24
2025-06-06,26
2025-06-07,27
2025-06-08,26
2025-06-09,25
2025-06-10,24
2025-06-11,24
2025-06-12,23
2025-06-13,25
2025-06-14,25
2025-06-15,24
2025-06-16,23
2025-06-17,23
2025-06-18,23
2025-06-19,22
2025-06-20,22
2025-06-21,24
2025-06-22,22
2025-06-23,21
2025-06-24,21
2025-06-25,20
2025-06-26,20
2025-06-27,19
2025-06-28,19
2025-06-29,19
2025-06-30,14
2025-07-01,14
2025-07-02,14
2025-07-03,14
2025-07-04,14
2025-07-05,14
2025-07-06,13
2025-07-07,12
2025-07-08,12
2025-07-09,13
2025-07-10,13
2025-07-11,13
2025-07-12,13
2025-07-13,12
2025-07-14,12
2025-07-15,12
2025-07-16,12
2025-07-17,12
2025-07-18,12
2025-07-19,12
2025-07-20,11
2025-07-21,10
2025-07-22,10
2025-07-23,10
2025-07-24,10
2025-07-25,11
2025-07-26,10
2025-07-27,10
2025-07-28,10
2025-07-29,10
2025-07-30,10
2025-07-31,10
2025-08-01,10
2025-08-02,10
2025-08-03,10
2025-08-04,10
2025-08-05,10
2025-08-06,10
2025-08-07,10
2025-08-08,10
2025-08-09,9
2025-08-10,8
2025-08-11,8
2025-08-12,8
2025-08-13,8
2025-08-14,8
2025-08-15,8
2025-08-16,8
2025-08-17,7
2025-08-18,7
2025-08-19,7
2025-08-20,7
2025-08-21,7
2025-08-22,7
2025-08-23,7
2025-08-24,7
2025-08-25,7
2025-08-26,7
2025-08-27,7
2025-08-28,7
2025-08-29,7
2025-08-30,7
2025-08-31,5
2025-09-01,5
2025-09-02,5
2025-09-03,5
2025-09-04,5
2025-09-05,5
2025-09-06,5
2025-09-07,5
2025-09-08,5
2025-09-09,5
2025-09-10,5
2025-09-11,5
2025-09-12,5
2025-09-13,5
2025-09-14,5
2025-09-15,5
2025-09-16,5
2025-09-17,5
2025-09-18,5
2025-09-19,5
2025-09-20,4
2025-09-21,4
2025-09-22,4
2025-09-23,4
2025-09-24,4
2025-09-25,4
2025-09-26,4
2025-09-27,4
2025-09-28,4
2025-09-29,4
2025-09-30,4
2025-10-01,4
2025-10-02,4
2025-10-03,4
2025-10-04,4
2025-10-05,4
2025-10-06,4
2025-10-07,4
2025-10-08,4
2025-10-09,4
2025-10-10,4
2025-10-11,4
2025-10-12,4
2025-10-13,4
2025-10-14,4
2025-10-15,4
2025-10-16,4
2025-10-17,4
2025-10-18,4
2025-10-19,4
2025-10-20,4
2025-10-21,4
2025-10-22,4
2025-10-23,4
2025-10-24,4
2025-10-25,3
2025-10-26,3
2025-10-27,3
2025-10-28,3
2025-10-29,3
2025-10-30,3
2025-10-31,3
2025-11-01,3
2025-11-02,3
2025-11-03,3
2025-11-04,3
2025-11-05,3
2025-11-06,3
2025-11-07,3
2025-11-08,3
2025-11-09,3
2025-11-10,3
2025-11-11,3
2025-11-12,3
2025-11-13,3
2025-11-14,3
2025-11-15,3
2025-11-16,3
2025-11-17,3
2025-11-18,3
2025-11-19,3
2025-11-20,3
2025-11-21,3
2025-11-22,3
2025-11-23,3
2025-11-24,3
2025-11-25,3
2025-11-26,3
2025-11-27,3
2025-11-28,3
2025-11-29,3
2025-11-30,2
2025-12-01,2
2025-12-02,2
2025-12-03,2
2025-12-04,2
2025-12-05,2
2025-12-06,2
2025-12-07,2
2025-12-08,2
2025-12-09,2
2025-12-10,2
2025-12-11,2
2025-12-12,2
2025-12-13,2
2025-12-14,2
2025-12-15,2
2025-12-16,2
2025-12-17,2
2025-12-18,2
2025-12-19,2
2025-12-20,2
2025-12-21,2
2025-12-22,2
2025-12-23,2
2025-12-24,2
2025-12-25,2
2025-12-26,2
2025-12-27,2
2025-12-28,2
2025-12-29,2
2025-12-30,2
2025-12-31,1
2026-01-01,1
2026-01-02,1
2026-01-03,1
2026-01-04,1
2026-01-05,1
2026-01-06,1
2026-01-07,1
2026-01-08,1
2026-01-09,1
2026-01-10,1
2026-01-11,1
2026-01-12,1
2026-01-13,1
2026-01-14,1
2026-01-15,1
2026-01-16,1
2026-01-17,1
2026-01-18,1
2026-01-19,1
2026-01-20,1
2026-01-21,1
2026-01-22,1
2026-01-23,1
2026-01-24,1
2026-01-25,1
2026-01-26,1
2026-01-27,1
2026-01-28,1
2026-01-29,1
2026-01-30,1
2026-01-31,1
2026-02-01,1
2026-02-02,1
2026-02-03,1
2026-02-04,1
2026-02-05,1
2026-02-06,1
2026-02-07,1
2026-02-08,1
2026-02-09,1
2026-02-10,1
2026-02-11,1
2026-02-12,1
2026-02-13,1
2026-02-14,1
2026-02-15,1
2026-02-16,1
2026-02-17,1
2026-02-18,1
2026-02-19,1
2026-02-20,1
2026-02-21,1
2026-02-22,1
2026-02-23,1
2026-02-24,1
2026-02-25,1
2026-02-26,1
2026-02-27,1
2026-02-28,1
2026-03-01,1
2026-03-02,1
2026-03-03,1
2026-03-04,1
2026-03-05,1
2026-03-06,1
2026-03-07,1
2026-03-08,1
2026-03-09,1
2026-03-10,1
2026-03-11,1
2026-03-12,1
2026-03-13,1
2026-03-14,1
2026-03-15,1
2026-03-16,1
2026-03-17,1
2026-03-18,1
2026-03-19,1
2026-03-20,1
2026-03-21,1
2026-03-22,1
2026-03-23,1
2026-03-24,1
2026-03-25,1
2026-03-26,1
2026-03-27,1
2026-03-28,1
2026-03-29,1
2026-03-30,1
2026-03-31,1
2026-04-01,1
2026-04-02,1
2026-04-03,1
2026-04-04,1
2026-04-05,1
2026-04-06,1
2026-04-07,1
2026-04-08,1
2026-04-09,1
2026-04-10,1
2026-04-11,1
2026-04-12,1
2026-04-13,1
2026-04-14,1
2026-04-15,1
2026-04-16,1
2026-04-17,1
2026-04-18,1
2026-04-19,1
2026-04-20,1
2026-04-21,1
2026-04-22,1
2026-04-23,1
2026-04-24,1
2026-04-25,1
2026-04-26,1
2026-04-27,1
2026-04-28,1
2026-04-29,1
2026-04-30,1
2026-05-01,1
2026-05-02,1
2026-05-03,1
2026-05-04,1
2026-05-05,1
2026-05-06,1
2026-05-07,1
2026-05-08,1
2026-05-09,1
2026-05-10,1
2026-05-11,1
2026-05-12,1
2026-05-13,1
2026-05-14,1
2026-05-15,1
2026-05-16,1
2026-05-17,1
2026-05-18,1
2026-05-19,1
2026-05-20,1
2026-05-21,1
2026-05-22,1
2026-05-23,1
2026-05-24,1
2026-05-25,1
2026-05-26,1
2026-05-27,1
2026-05-28,1
2026-05-29,1
2026-05-30,1
2026-05-31,1
2026-06-01,1
2026-06-02,1
2026-06-03,1
2026-06-04,1
2026-06-05,1
2026-06-06,1
2026-06-07,1
2026-06-08,1
2026-06-09,1
2026-06-10,1
2026-06-11,1
2026-06-12,1
2026-06-13,1
2026-06-14,1
2026-06-15,1
2026-06-16,1
2026-06-17,1
2026-06-18,1
2026-06-19,1
2026-06-20,1
2026-06-21,1
2026-06-22,1
2026-06-23,1
2026-06-24,1
2026-06-25,1
2026-06-26,1
2026-06-27,1
2026-06-28,1
2026-06-29,1
2026-06-30,1
2026-07-01,1
2026-07-02,1
2026-07-03,1
2026-07-04,1
2026-07-05,1
2026-07-06,1
2026-07-07,1
2026-07-08,1
2026-07-09,1
2026-07-10,1
2026-07-11,1
2026-07-12,1
2026-07-13,1
2026-07-14,1
2026-07-15,1
2026-07-16,1
2026-07-17,1
2026-07-18,1
2026-07-19,1
2026-07-20,1
2026-07-21,1
2026-07-22,1
2026-07-23,1
2026-07-24,1
2026-07-25,1
2026-07-26,1
2026-07-27,1
2026-07-28,1
2026-07-29,1
2026-07-30,1
2026-07-31,1
2026-08-01,1
2026-08-02,1
2026-08-03,1
2026-08-04,1
2026-08-05,1
2026-08-06,1
2026-08-07,1
2026-08-08,1
2026-08-09,1
2026-08-10,1
2026-08-11,1
2026-08-12,1
2026-08-13,1
2026-08-14,1
2026-08-15,1
2026-08-16,1
2026-08-17,1
2026-08-18,1
2026-08-19,1
2026-08-20,1
2026-08-21,1
2026-08-22,1
2026-08-23,1
2026-08-24,1
2026-08-25,1
2026-08-26,1
2026-08-27,1
2026-08-28,1
2026-08-29,1
2026-08-30,1
2026-08-31,1
2026-09-01,1
2026-09-02,1
2026-09-03,1
2026-09-04,1
2026-09-05,1
2026-09-06,1
2026-09-07,1
2026-09-08,1
2026-09-09,1
2026-09-10,1
2026-09-11,1
2026-09-12,1
2026-09-13,1
2026-09-14,1
2026-09-15,1
2026-09-16,1
2026-09-17,1
2026-09-18,1
2026-09-19,1
2026-09-20,1
2026-09-21,1
2026-09-22,1
2026-09-23,1
2026-09-24,1
2026-09-25,1
2026-09-26,1
2026-09-27,1
2026-09-28,1
2026-09-29,1
2026-09-30,1
2026-10-01,1
2026-10-02,1
2026-10-03,1
2026-10-04,1
2026-10-05,1
2026-10-06,1
2026-10-07,1
2026-10-08,1
2026-10-09,1
2026-10-10,1
2026-10-11,1
2026-10-12,1
2026-10-13,1
2026-10-14,1
2026-10-15,1
2026-10-16,1
2026-10-17,1
2026-10-18,1
2026-10-19,1
2026-10-20,1
2026-10-21,1
2026-10-22,1
2026-10-23,1
2026-10-24,1
2026-10-25,1
2026-10-26,1
2026-10-27,1
2026-10-28,1
2026-10-29,1
2026-10-30,1
2026-10-31,1
2026-11-01,1
2026-11-02,1
2026-11-03,1
2026-11-04,1
2026-11-05,1
2026-11-06,1
2026-11-07,1
2026-11-08,1
2026-11-09,1
2026-11-10,1
2026-11-11,1
2026-11-12,1
2026-11-13,1
2026-11-14,1
2026-11-15,1
2026-11-16,1
2026-11-17,1
2026-11-18,1
2026-11-19,1
2026-11-20,1
2026-11-21,1
2026-11-22,1
2026-11-23,1
2026-11-24,1
2026-11-25,1
2026-11-26,1
2026-11-27,1
2026-11-28,1
2026-11-29,1
2026-11-30,1
2026-12-01,1
2026-12-02,1
2026-12-03,1
2026-12-04,1
2026-12-05,1
2026-12-06,1
2026-12-07,1
2026-12-08,1
2026-12-09,1
2026-12-10,1
2026-12-11,1
2026-12-12,1
2026-12-13,1
2026-12-14,1
2026-12-15,1
2026-12-16,1
2026-12-17,1
2026-12-18,1
2026-12-19,1
2026-12-20,1
2026-12-21,1
2026-12-22,1
2026-12-23,1
2026-12-24,1
2026-12-25,1
2026-12-26,1
2026-12-27,1
2026-12-28,1
2026-12-29,1
2026-12-30,1
2026-12-31,1
2027-01-01,1
2027-01-02,1
2027-01-03,1
2027-01-04,1
2027-01-05,1
2027-01-06,1
2027-01-07,1
2027-01-08,1
2027-01-09,1
2027-01-10,1
2027-01-11,1
2027-01-12,1
2027-01-13,1
2027-01-14,1
2027-01-15,1
2027-01-16,1
2027-01-17,1
2027-01-18,1
2027-01-19,1
2027-01-20,1
2027-01-21,1
2027-01-22,1
2027-01-23,1
2027-01-24,1
2027-01-25,1
2027-01-26,1
2027-01-27,1
2027-01-28,1
2027-01-29,1
2027-01-30,1
2027-01-31,1
2027-02-01,1
2027-02-02,1
2027-02-03,1
2027-02-04,1
2027-02-05,1
2027-02-06,1
2027-02-07,1
2027-02-08,1
2027-02-09,1
2027-02-10,1
2027-02-11,1
2027-02-12,1
2027-02-13,1
2027-02-14,1
2027-02-15,1
2027-02-16,1
2027-02-17,1
2027-02-18,1
2027-02-19,1
2027-02-20,1
2027-02-21,1
2027-02-22,1
2027-02-23,1
2027-02-24,1
2027-02-25,1
2027-02-26,1
2027-02-27,1
2027-02-28,1
2027-03-01,1
2027-03-02,1
2027-03-03,1
2027-03-04,1
2027-03-05,1
2027-03-06,1
2027-03-07,1
2027-03-08,1
2027-03-09,1
2027-03-10,1
2027-03-11,1
2027-03-12,1
2027-03-13,1
2027-03-14,1
2027-03-15,1
2027-03-16,1
2027-03-17,1
2027-03-18,1
2027-03-19,1
2027-03-20,1
2027-03-21,1
2027-03-22,1
2027-03-23,1
2027-03-24,1
2027-03-25,1
2027-03-26,1
2027-03-27,1
2027-03-28,1
2027-03-29,1
2027-03-30,1
2027-03-31,1
2027-04-01,1
2027-04-02,1
2027-04-03,1
2027-04-04,1
2027-04-05,1
2027-04-06,1
2027-04-07,1
2027-04-08,1
2027-04-09,1
2027-04-10,1
2027-04-11,1
2027-04-12,1
2027-04-13,1
2027-04-14,1
2027-04-15,1
2027-04-16,1
2027-04-17,1
2027-04-18,1
2027-04-19,1
2027-04-20,1
2027-04-21,1
2027-04-22,1
2027-04-23,1
2027-04-24,1
2027-04-25,1
2027-04-26,1
2027-04-27,1
2027-04-28,1
2027-04-29,1
2027-04-30,1
2027-05-01,1
2027-05-02,1
2027-05-03,1
2027-05-04,1
2027-05-05,1
2027-05-06,1
2027-05-07,1
2027-05-08,1
2027-05-09,1
2027-05-10,1
2027-05-11,1
2027-05-12,1
2027-05-13,1
2027-05-14,1
2027-05-15,1
2027-05-16,1
2027-05-17,1
2027-05-18,1
2027-05-19,1
2027-05-20,1
2027-05-21,1
2027-05-22,1
2027-05-23,1
2027-05-24,1
2027-05-25,1
2027-05-26,1
2027-05-27,1
2027-05-28,1
2027-05-29,1
2027-05-30,1
2027-05-31,1
2027-06-01,1
2027-06-02,1
2027-06-03,1
2027-06-04,1
2027-06-05,1
2027-06-06,1
2027-06-07,1
2027-06-08,1
2027-06-09,1
2027-06-10,1
2027-06-11,1
2027-06-12,1
2027-06-13,1
2027-06-14,1
2027-06-15,1
2027-06-16,1
2027-06-17,1
2027-06-18,1
2027-06-19,1
2027-06-20,1
2027-06-21,1
2027-06-22,1
2027-06-23,1
2027-06-24,1
2027-06-25,1
2027-06-26,1
2027-06-27,1
2027-06-28,1
2027-06-29,1
2027-06-30,1
2027-07-01,1
2027-07-02,1
2027-07-03,1
2027-07-04,1
2027-07-05,1
2027-07-06,1
2027-07-07,1
2027-07-08,1
2027-07-09,1
2027-07-10,1
2027-07-11,1
2027-07-12,1
2027-07-13,1
2027-07-14,1
2027-07-15,1
2027-07-16,1
2027-07-17,1
2027-07-18,1
2027-07-19,1
2027-07-20,1
2027-07-21,1
2027-07-22,1
2027-07-23,1
2027-07-24,1
2027-07-25,1
2027-07-26,1
2027-07-27,1
2027-07-28,1
2027-07-29,1
2027-07-30,1
2027-07-31,1
2027-08-01,1
2027-08-02,1
2027-08-03,1
2027-08-04,1
2027-08-05,1
2027-08-06,1
2027-08-07,1
2027-08-08,1
2027-08-09,1
2027-08-10,1
2027-08-11,1
2027-08-12,1
2027-08-13,1
2027-08-14,1
2027-08-15,1
2027-08-16,1
2027-08-17,1
2027-08-18,1
2027-08-19,1
2027-08-20,1
2027-08-21,1
2027-08-22,1
2027-08-23,1
2027-08-24,1
2027-08-25,1
2027-08-26,1
2027-08-27,1
2027-08-28,1
2027-08-29,1
2027-08-30,1
2027-08-31,1
2027-09-01,1
2027-09-02,1
2027-09-03,1
2027-09-04,1
2027-09-05,1
2027-09-06,1
2027-09-07,1
2027-09-08,1
2027-09-09,1
2027-09-10,1
2027-09-11,1
2027-09-12,1
2027-09-13,1
2027-09-14,1
2027-09-15,1
2027-09-16,1
2027-09-17,1
2027-09-18,1
2027-09-19,1
2027-09-20,1
2027-09-21,1
2027-09-22,1
2027-09-23,1
2027-09-24,1
2027-09-25,1
2027-09-26,1
2027-09-27,1
2027-09-28,1
2027-09-29,1
2027-09-30,1
2027-10-01,1
2027-10-02,1
2027-10-03,1
2027-10-04,1
2027-10-05,1
2027-10-06,1
2027-10-07,1
2027-10-08,1
2027-10-09,1
2027-10-10,1
2027-10-11,1
2027-10-12,1
2027-10-13,1
2027-10-14,1
2027-10-15,1
2027-10-16,1
2027-10-17,1
2027-10-18,1
2027-10-19,1
2027-10-20,1
2027-10-21,1
2027-10-22,1
2027-10-23,1
2027-10-24,1
2027-10-25,1
2027-10-26,1
2027-10-27,1
2027-10-28,1
2027-10-29,1
2027-10-30,1
2027-10-31,1
2027-11-01,1
2027-11-02,1
2027-11-03,1
2027-11-04,1
2027-11-05,1
2027-11-06,1
2027-11-07,1
2027-11-08,1
2027-11-09,1
2027-11-10,1
2027-11-11,1
2027-11-12,1
2027-11-13,1
2027-11-14,1
2027-11-15,1
2027-11-16,1
2027-11-17,1
2027-11-18,1
2027-11-19,1
2027-11-20,1
2027-11-21,1
2027-11-22,1
2027-11-23,1
2027-11-24,1
2027-11-25,1
2027-11-26,1
2027-11-27,1
2027-11-28,1
2027-11-29,1
2027-11-30,1
2027-12-01,1
2027-12-02,1
2027-12-03,1
2027-12-04,1
2027-12-05,1
2027-12-06,1
2027-12-07,1
2027-12-08,1
2027-12-09,1
2027-12-10,1
2027-12-11,1
2027-12-12,1
2027-12-13,1
2027-12-14,1
2027-12-15,1
2027-12-16,1
2027-12-17,1
2027-12-18,1
2027-12-19,1
2027-12-20,1
2027-12-21,1
2027-12-22,1
2027-12-23,1
2027-12-24,1
2027-12-25,1
2027-12-26,1
2027-12-27,1
2027-12-28,1
2027-12-29,1
2027-12-30,1
2027-12-31,1
2028-01-01,1
2028-01-02,1
2028-01-03,1
2028-01-04,1
2028-01-05,1
2028-01-06,1
2028-01-07,1
2028-01-08,1
2028-01-09,1
2028-01-10,1
2028-01-11,1
2028-01-12,1
2028-01-13,1
2028-01-14,1
2028-01-15,1
2028-01-16,1
2028-01-17,1
2028-01-18,1
2028-01-19,1
2028-01-20,1
2028-01-21,1
2028-01-22,1
2028-01-23,1
2028-01-24,1
2028-01-25,1
2028-01-26,1
2028-01-27,1
2028-01-28,1
2028-01-29,1
2028-01-30,1
2028-01-31,1
2028-02-01,1
2028-02-02,1
2028-02-03,1
2028-02-04,1
2028-02-05,1
2028-02-06,1
2028-02-07,1
2028-02-08,1
2028-02-09,1
2028-02-10,1
2028-02-11,1
2028-02-12,1
2028-02-13,1
2028-02-14,1
2028-02-15,1
2028-02-16,1
2028-02-17,1
2028-02-18,1
2028-02-19,1
2028-02-20,1
2028-02-21,1
2028-02-22,1
2028-02-23,1
2028-02-24,1
2028-02-25,1
2028-02-26,1
2028-02-27,1
2028-02-28,1
2028-02-29,1
2028-03-01,1
2028-03-02,1
2028-03-03,1
2028-03-04,1
2028-03-05,1
2028-03-06,1
2028-03-07,1
2028-03-08,1
2028-03-09,1
2028-03-10,1
2028-03-11,1
2028-03-12,1
2028-03-13,1
2028-03-14,1
2028-03-15,1
2028-03-16,1
2028-03-17,1
2028-03-18,1
2028-03-19,1
2028-03-20,1
2028-03-21,1
2028-03-22,1
2028-03-23,1
2028-03-24,1
2028-03-25,1
2028-03-26,1
2028-03-27,1
2028-03-28,1
2028-03-29,1
2028-03-30,1
2028-03-31,1
2028-04-01,1
2028-04-02,1
2028-04-03,1
2028-04-04,1
2028-04-05,1
2028-04-06,1
2028-04-07,1
2028-04-08,1
2028-04-09,1
2028-04-10,1
2028-04-11,1
2028-04-12,1
2028-04-13,1
2028-04-14,1
2028-04-15,1
2028-04-16,1
2028-04-17,1
2028-04-18,1
2028-04-19,1
2028-04-20,1
2028-04-21,1
2028-04-22,1
2028-04-23,1
2028-04-24,1
2028-04-25,1
2028-04-26,1
2028-04-27,1
2028-04-28,1
2028-04-29,1
2028-04-30,1
2028-05-01,1
2028-05-02,1
2028-05-03,1
2028-05-04,1
2028-05-05,1
2028-05-06,1
2028-05-07,1
2028-05-08,1
2028-05-09,1
2028-05-10,1
2028-05-11,1
2028-05-12,1
2028-05-13,1
2028-05-14,1
2028-05-15,1
2028-05-16,1
2028-05-17,1
2028-05-18,1
2028-05-19,1
2028-05-20,1
2028-05-21,1
2028-05-22,1
2028-05-23,1
2028-05-24,1
2028-05-25,1
2028-05-26,1
2028-05-27,1
2028-05-28,1
2028-05-29,1
2028-05-30,1
2028-05-31,1
2028-06-01,1
2028-06-02,1
2028-06-03,1
2028-06-04,1
2028-06-05,1
2028-06-06,1
2028-06-07,1
2028-06-08,1
2028-06-09,1
2028-06-10,1
2028-06-11,1
2028-06-12,1
2028-06-13,1
2028-06-14,1
2028-06-15,1
2028-06-16,1
2028-06-17,1
2028-06-18,1
2028-06-19,1
2028-06-20,1
2028-06-21,1
2028-06-22,1
2028-06-23,1
2028-06-24,1
2028-06-25,1
2028-06-26,1
2028-06-27,1
2028-06-28,1
2028-06-29,1
2028-06-30,1
2028-07-01,1
2028-07-02,1
2028-07-03,1
2028-07-04,1
2028-07-05,1
2028-07-06,1
2028-07-07,1
2028-07-08,1
2028-07-09,1
2028-07-10,1
2028-07-11,1
2028-07-12,1
2028-07-13,1
2028-07-14,1
2028-07-15,1
2028-07-16,1
2028-07-17,1
2028-07-18,1
2028-07-19,1
2028-07-20,1
2028-07-21,1
2028-07-22,1
2028-07-23,1
2028-07-24,1
2028-07-25,1
2028-07-26,1
2028-07-27,1
2028-07-28,1
2028-07-29,1
2028-07-30,1
2028-07-31,1
2028-08-01,1
2028-08-02,1
2028-08-03,1
2028-08-04,1
2028-08-05,1
2028-08-06,1
2028-08-07,1
2028-08-08,1
2028-08-09,1
2028-08-10,1
2028-08-11,1
2028-08-12,1
2028-08-13,1
2028-08-14,1
2028-08-15,1
2028-08-16,1
2028-08-17,1
2028-08-18,1
2028-08-19,1
2028-08-20,1
2028-08-21,1
2028-08-22,1
2028-08-23,1
2028-08-24,1
2028-08-25,1
2028-08-26,1
2028-08-27,1
2028-08-28,1
2028-08-29,1
2028-08-30,1
2028-08-31,1
2028-09-01,1
2028-09-02,1
2028-09-03,1
2028-09-04,1
2028-09-05,1
2028-09-06,1
2028-09-07,1
2028-09-08,1
2028-09-09,1
2028-09-10,1
2028-09-11,1
2028-09-12,1
2028-09-13,1
2028-09-14,1
2028-09-15,1
2028-09-16,1
2028-09-17,1
2028-09-18,1
2028-09-19,1
2028-09-20,1
2028-09-21,1
2028-09-22,1
2028-09-23,1
2028-09-24,1
2028-09-25,1
2028-09-26,1
2028-09-27,1
2028-09-28,1
2028-09-29,1
2028-09-30,1
2028-10-01,1
2028-10-02,1
2028-10-03,1
2028-10-04,1
2028-10-05,1
2028-10-06,1
2028-10-07,1
2028-10-08,1
2028-10-09,1
2028-10-10,1
2028-10-11,1
2028-10-12,1
2028-10-13,1
2028-10-14,1
2028-10-15,1
2028-10-16,1
2028-10-17,1
2028-10-18,1
2028-10-19,1
2028-10-20,1
2028-10-21,1
2028-10-22,1
2028-10-23,1
2028-10-24,1
2028-10-25,1
2028-10-26,1
2028-10-27,1
2028-10-28,1
2028-10-29,1
2028-10-30,1
2028-10-31,1
2028-11-01,1
2028-11-02,1
2028-11-03,1
2028-11-04,1
2028-11-05,1
2028-11-06,1
2028-11-07,1
2028-11-08,1
2028-11-09,1
2028-11-10,1
2028-11-11,1
2028-11-12,1
2028-11-13,1
2028-11-14,1
2028-11-15,1
2028-11-16,1
2028-11-17,1
2028-11-18,1
2028-11-19,1
2028-11-20,1
2028-11-21,1
2028-11-22,1
2028-11-23,1
2028-11-24,1
2028-11-25,1
2028-11-26,1
2028-11-27,1
2028-11-28,1
2028-11-29,1
2028-11-30,1
2028-12-01,1
2028-12-02,1
2028-12-03,1
2028-12-04,1
2028-12-05,1
2028-12-06,1
2028-12-07,1
2028-12-08,1
2028-12-09,1
2028-12-10,1
2028-12-11,1
2028-12-12,1
2028-12-13,1
2028-12-14,1
2028-12-15,1
2028-12-16,1
2028-12-17,1
2028-12-18,1
2028-12-19,1
2028-12-20,1
2028-12-21,1
2028-12-22,1
2028-12-23,1
2028-12-24,1
2028-12-25,1
2028-12-26,1
2028-12-27,1
2028-12-28,1
2028-12-29,1
2028-12-30,1
2028-12-31,1
2029-01-01,1
2029-01-02,1
2029-01-03,1
2029-01-04,1
2029-01-05,1
2029-01-06,1
2029-01-07,1
2029-01-08,1
2029-01-09,1
2029-01-10,1
2029-01-11,1
2029-01-12,1
2029-01-13,1
2029-01-14,1
2029-01-15,1
2029-01-16,1
2029-01-17,1
2029-01-18,1
2029-01-19,1
2029-01-20,1
2029-01-21,1
2029-01-22,1
2029-01-23,1
2029-01-24,1
2029-01-25,1
2029-01-26,1
2029-01-27,1
2029-01-28,1
2029-01-29,1
2029-01-30,1
2029-01-31,1
2029-02-01,1
2029-02-02,1
2029-02-03,1
2029-02-04,1
2029-02-05,1
2029-02-06,1
2029-02-07,1
2029-02-08,1
2029-02-09,1
2029-02-10,1
2029-02-11,1
2029-02-12,1
2029-02-13,1
2029-02-14,1
2029-02-15,1
2029-02-16,1
2029-02-17,1
2029-02-18,1
2029-02-19,1
2029-02-20,1
2029-02-21,1
2029-02-22,1
2029-02-23,1
2029-02-24,1
2029-02-25,1
2029-02-26,1
2029-02-27,1
2029-02-28,1
2029-03-01,1
2029-03-02,1
2029-03-03,1
2029-03-04,1
2029-03-05,1
2029-03-06,1
2029-03-07,1
2029-03-08,1
2029-03-09,1
2029-03-10,1
2029-03-11,1
2029-03-12,1
2029-03-13,1
2029-03-14,1
2029-03-15,1
2029-03-16,1
2029-03-17,1
2029-03-18,1
2029-03-19,1
2029-03-20,1
2029-03-21,1
2029-03-22,1
2029-03-23,1
2029-03-24,1
2029-03-25,1
2029-03-26,1
2029-03-27,1
2029-03-28,1
2029-03-29,1
2029-03-30,1
2029-03-31,1
2029-04-01,1
2029-04-02,1
2029-04-03,1
2029-04-04,1
2029-04-05,1
2029-04-06,1
2029-04-07,1
2029-04-08,1
2029-04-09,1
2029-04-10,1
2029-04-11,1
2029-04-12,1
2029-04-13,1
2029-04-14,1
2029-04-15,1
2029-04-16,1
2029-04-17,1
2029-04-18,1
2029-04-19,1
2029-04-20,1
2029-04-21,1
2029-04-22,1
2029-04-23,1
2029-04-24,1
2029-04-25,1
2029-04-26,1
2029-04-27,1
2029-04-28,1
2029-04-29,1
2029-04-30,1
2029-05-01,1
2029-05-02,1
2029-05-03,1
2029-05-04,1
2029-05-05,1
2029-05-06,1
2029-05-07,1
2029-05-08,1
2029-05-09,1
2029-05-10,1
2029-05-11,1
2029-05-12,1
2029-05-13,1
2029-05-14,1
2029-05-15,1
2029-05-16,1
2029-05-17,1
2029-05-18,1
2029-05-19,1
2029-05-20,1
2029-05-21,1
2029-05-22,1
2029-05-23,1
2029-05-24,1
2029-05-25,1
2029-05-26,1
2029-05-27,1
2029-05-28,1
2029-05-29,1
2029-05-30,1
2029-05-31,1
2029-06-01,1
2029-06-02,1
2029-06-03,1
2029-06-04,1
2029-06-05,1
2029-06-06,1
2029-06-07,1
2029-06-08,1
2029-06-09,1
2029-06-10,1
2029-06-11,1
2029-06-12,1
2029-06-13,1
2029-06-14,1
2029-06-15,1
2029-06-16,1
2029-06-17,1
2029-06-18,1
2029-06-19,1
2029-06-20,1
2029-06-21,1
2029-06-22,1
2029-06-23,1
2029-06-24,1
2029-06-25,1
2029-06-26,1
2029-06-27,1
2029-06-28,1
2029-06-29,1
2029-06-30,1
2029-07-01,1
2029-07-02,1
2029-07-03,1
2029-07-04,1
2029-07-05,1
2029-07-06,1
2029-07-07,1
2029-07-08,1
2029-07-09,1
2029-07-10,1
2029-07-11,1
2029-07-12,1
2029-07-13,1
2029-07-14,1
2029-07-15,1
2029-07-16,1
2029-07-17,1
2029-07-18,1
2029-07-19,1
2029-07-20,1
2029-07-21,1
2029-07-22,1
2029-07-23,1
2029-07-24,1
2029-07-25,1
2029-07-26,1
2029-07-27,1
2029-07-28,1
2029-07-29,1
2029-07-30,1
2029-07-31,1
2029-08-01,1
2029-08-02,1
2029-08-03,1
2029-08-04,1
2029-08-05,1
2029-08-06,1
2029-08-07,1
2029-08-08,1
2029-08-09,1
2029-08-10,1
2029-08-11,1
2029-08-12,1
2029-08-13,1
2029-08-14,1
2029-08-15,1
2029-08-16,1
2029-08-17,1
2029-08-18,1
2029-08-19,1
2029-08-20,1
2029-08-21,1
2029-08-22,1
2029-08-23,1
2029-08-24,1
2029-08-25,1
2029-08-26,1
2029-08-27,1
2029-08-28,1
2029-08-29,1
2029-08-30,1
2029-08-31,1
2029-09-01,1
2029-09-02,1
2029-09-03,1
2029-09-04,1
2029-09-05,1
2029-09-06,1
2029-09-07,1
2029-09-08,1
2029-09-09,1
2029-09-10,1
2029-09-11,1
2029-09-12,1
2029-09-13,1
2029-09-14,1
2029-09-15,1
2029-09-16,1
2029-09-17,1
2029-09-18,1
2029-09-19,1
2029-09-20,1
2029-09-21,1
2029-09-22,1
2029-09-23,1
2029-09-24,1
2029-09-25,1
2029-09-26,1
2029-09-27,1
2029-09-28,1
2029-09-29,1
2029-09-30,1
2029-10-01,1
2029-10-02,1
2029-10-03,1
2029-10-04,1
2029-10-05,1
2029-10-06,1
2029-10-07,1
2029-10-08,1
2029-10-09,1
2029-10-10,1
2029-10-11,1
2029-10-12,1
2029-10-13,1
2029-10-14,1
2029-10-15,1
2029-10-16,1
2029-10-17,1
2029-10-18,1
2029-10-19,1
2029-10-20,1
2029-10-21,1
2029-10-22,1
2029-10-23,1
2029-10-24,1
2029-10-25,1
2029-10-26,1
2029-10-27,1
2029-10-28,1
2029-10-29,1
2029-10-30,1
2029-10-31,1
2029-11-01,1
2029-11-02,1
2029-11-03,1
2029-11-04,1
2029-11-05,1
2029-11-06,1
2029-11-07,1
2029-11-08,1
2029-11-09,1
2029-11-10,1
2029-11-11,1
2029-11-12,1
2029-11-13,1
2029-11-14,1
2029-11-15,1
2029-11-16,1
2029-11-17,1
2029-11-18,1
2029-11-19,1
2029-11-20,1
2029-11-21,1
2029-11-22,1
2029-11-23,1
2029-11-24,1
2029-11-25,1
2029-11-26,1
2029-11-27,1
2029-11-28,1
2029-11-29,1
2029-11-30,1
2029-12-01,1
2029-12-02,1
2029-12-03,1
2029-12-04,1
2029-12-05,1
2029-12-06,1
2029-12-07,1
2029-12-08,1
2029-12-09,1
2029-12-10,1
2029-12-11,1
2029-12-12,1
2029-12-13,1
2029-12-14,1
2029-12-15,1
2029-12-16,1
2029-12-17,1
2029-12-18,1
2029-12-19,1
2029-12-20,1
2029-12-21,1
2029-12-22,1
2029-12-23,1
2029-12-24,1
2029-12-25,1
2029-12-26,1
2029-12-27,1
2029-12-28,1
2029-12-29,1
2029-12-30,1
2029-12-31,1
2030-01-01,1
2030-01-02,1
2030-01-03,1
2030-01-04,1
2030-01-05,1
2030-01-06,1
2030-01-07,1
2030-01-08,1
2030-01-09,1
2030-01-10,1
2030-01-11,1
2030-01-12,1
2030-01-13,1
2030-01-14,1
2030-01-15,1
2030-01-16,1
2030-01-17,1
2030-01-18,1
2030-01-19,1
2030-01-20,1
2030-01-21,1
2030-01-22,1
2030-01-23,1
2030-01-24,1
2030-01-25,1
2030-01-26,1
2030-01-27,1
2030-01-28,1
2030-01-29,1
2030-01-30,1
2030-01-31,1
2030-02-01,1
2030-02-02,1
2030-02-03,1
2030-02-04,1
2030-02-05,1
2030-02-06,1
2030-02-07,1
2030-02-08,1
2030-02-09,1
2030-02-10,1
2030-02-11,1
2030-02-12,1
2030-02-13,1
2030-02-14,1
2030-02-15,1
2030-02-16,1
2030-02-17,1
2030-02-18,1
2030-02-19,1
2030-02-20,1
2030-02-21,1
2030-02-22,1
2030-02-23,1
2030-02-24,1
2030-02-25,1
2030-02-26,1
2030-02-27,1
2030-02-28,1
2030-03-01,1
2030-03-02,1
2030-03-03,1
2030-03-04,1
2030-03-05,1
2030-03-06,1
2030-03-07,1
2030-03-08,1
2030-03-09,1
2030-03-10,1
2030-03-11,1
2030-03-12,1
2030-03-13,1
2030-03-14,1
2030-03-15,1
2030-03-16,1
2030-03-17,1
2030-03-18,1
2030-03-19,1
2030-03-20,1
2030-03-21,1
2030-03-22,1
2030-03-23,1
2030-03-24,1
2030-03-25,1
2030-03-26,1
2030-03-27,1
2030-03-28,1
2030-03-29,1
2030-03-30,1
2030-03-31,1
2030-04-01,1
2030-04-02,1
2030-04-03,1
2030-04-04,1
2030-04-05,1
2030-04-06,1
2030-04-07,1
2030-04-08,1
2030-04-09,1
2030-04-10,1
2030-04-11,1
2030-04-12,1
2030-04-13,1
2030-04-14,1
2030-04-15,1
2030-04-16,1
2030-04-17,1
2030-04-18,1
2030-04-19,1
2030-04-20,1
2030-04-21,1
2030-04-22,1
2030-04-23,1
2030-04-24,1
2030-04-25,1
2030-04-26,1
2030-04-27,1
2030-04-28,1
2030-04-29,1
2030-04-30,1
2030-05-01,1
2030-05-02,1
2030-05-03,1
2030-05-04,1
2030-05-05,1
2030-05-06,1
2030-05-07,1
2030-05-08,1
2030-05-09,1
2030-05-10,1
2030-05-11,1
2030-05-12,1
2030-05-13,1
2030-05-14,1
2030-05-15,1
2030-05-16,1
2030-05-17,1
2030-05-18,1
2030-05-19,1
2030-05-20,1
2030-05-21,1
2030-05-22,1
2030-05-23,1
2030-05-24,1
2030-05-25,1
2030-05-26,1
2030-05-27,1
2030-05-28,1
2030-05-29,1
2030-05-30,1
2030-05-31,1
2030-06-01,1
2030-06-02,1
2030-06-03,1
2030-06-04,1
2030-06-05,1
2030-06-06,1
2030-06-07,1
2030-06-08,1
2030-06-09,1
2030-06-10,1
2030-06-11,1
2030-06-12,1
2030-06-13,1
2030-06-14,1
2030-06-15,1
2030-06-16,1
2030-06-17,1
2030-06-18,1
2030-06-19,1
2030-06-20,1
2030-06-21,1
2030-06-22,1
2030-06-23,1
2030-06-24,1
2030-06-25,1
2030-06-26,1
2030-06-27,1
2030-06-28,1
2030-06-29,1
2030-06-30,1
2030-07-01,1
2030-07-02,1
2030-07-03,1
2030-07-04,1
2030-07-05,1
2030-07-06,1
2030-07-07,1
2030-07-08,1
2030-07-09,1
2030-07-10,1
2030-07-11,1
2030-07-12,1
2030-07-13,1
2030-07-14,1
2030-07-15,1
2030-07-16,1
2030-07-17,1
2030-07-18,1
2030-07-19,1
2030-07-20,1
2030-07-21,1
2030-07-22,1
2030-07-23,1
2030-07-24,1
2030-07-25,1
2030-07-26,1
2030-07-27,1
2030-07-28,1
2030-07-29,1
2030-07-30,1
2030-07-31,1
2030-08-01,1
2030-08-02,1
2030-08-03,1
2030-08-04,1
2030-08-05,1
2030-08-06,1
2030-08-07,1
2030-08-08,1
2030-08-09,1
2030-08-10,1
2030-08-11,1
2030-08-12,1
2030-08-13,1
2030-08-14,1
2030-08-15,1
2030-08-16,1
2030-08-17,1
2030-08-18,1
2030-08-19,1
2030-08-20,1
2030-08-21,1
2030-08-22,1
2030-08-23,1
2030-08-24,1
2030-08-25,1
2030-08-26,1
2030-08-27,1
2030-08-28,1
2030-08-29,1
2030-08-30,1
2030-08-31,1
2030-09-01,1
2030-09-02,1
2030-09-03,1
2030-09-04,1
2030-09-05,1
2030-09-06,1
2030-09-07,1
2030-09-08,1
2030-09-09,1
2030-09-10,1
2030-09-11,1
2030-09-12,1
2030-09-13,1
2030-09-14,1
2030-09-15,1
2030-09-16,1
2030-09-17,1
2030-09-18,1
2030-09-19,1
2030-09-20,1
2030-09-21,1
2030-09-22,1
2030-09-23,1
2030-09-24,1
2030-09-25,1
2030-09-26,1
2030-09-27,1
2030-09-28,1
2030-09-29,1
2030-09-30,1
2030-10-01,1
2030-10-02,1
2030-10-03,1
2030-10-04,1
2030-10-05,1
2030-10-06,1
2030-10-07,1
2030-10-08,1
2030-10-09,1
2030-10-10,1
2030-10-11,1
2030-10-12,1
2030-10-13,1
2030-10-14,1
2030-10-15,1
2030-10-16,1
2030-10-17,1
2030-10-18,1
2030-10-19,1
2030-10-20,1
2030-10-21,1
2030-10-22,1
2030-10-23,1
2030-10-24,1
2030-10-25,1
2030-10-26,1
2030-10-27,1
2030-10-28,1
2030-10-29,1
2030-10-30,1
2030-10-31,1
2030-11-01,1
2030-11-02,1
2030-11-03,1
2030-11-04,1
2030-11-05,1
2030-11-06,1
2030-11-07,1
2030-11-08,1
2030-11-09,1
2030-11-10,1
2030-11-11,1
2030-11-12,1
2030-11-13,1
2030-11-14,1
2030-11-15,1
2030-11-16,1
2030-11-17,1
2030-11-18,1
2030-11-19,1
2030-11-20,1
2030-11-21,1
2030-11-22,1
2030-11-23,1
2030-11-24,1
2030-11-25,1
2030-11-26,1
2030-11-27,1
2030-11-28,1
2030-11-29,1
2030-11-30,1
2030-12-01,1
2030-12-02,1
2030-12-03,1
2030-12-04,1
2030-12-05,1
2030-12-06,1
2030-12-07,1
2030-12-08,1
2030-12-09,1
2030-12-10,1
2030-12-11,1
2030-12-12,1
2030-12-13,1
2030-12-14,1
2030-12-15,1
2030-12-16,1
2030-12-17,1
2030-12-18,1
2030-12-19,1
2030-12-20,1
2030-12-21,1
2030-12-22,1
2030-12-23,1
2030-12-24,1
2030-12-25,1
2030-12-26,1
2030-12-27,1
2030-12-28,1
2030-12-29,1
2030-12-30,1
